Date,Unemployment Rate,VIX,CPI,T10Y-2Y,S&P500 Adj Close,S&P 500 Volume
2020-06-03,11.0,25.66,256.986,0.58,"3,122.87","6,005,560,000"
2020-06-04,11.0,25.81,256.986,0.63,"3,112.35","6,451,290,000"
2020-06-05,11.0,24.52,256.986,0.69,"3,193.93","8,639,300,000"
2020-06-08,11.0,25.81,256.986,0.66,"3,232.39","8,498,300,000"
2020-06-09,11.0,27.57,256.986,0.64,"3,207.18","6,410,930,000"
2020-06-10,11.0,27.57,256.986,0.58,"3,190.14","6,598,870,000"
2020-06-11,11.0,40.79,256.986,0.47,"3,002.10","7,037,320,000"
2020-06-12,11.0,36.09,256.986,0.52,"3,041.31","5,845,330,000"
2020-06-15,11.0,34.4,256.986,0.52,"3,066.59","5,757,480,000"
2020-06-16,11.0,33.67,256.986,0.54,"3,124.74","5,845,810,000"
2020-06-17,11.0,33.47,256.986,0.55,"3,113.49","4,560,450,000"
2020-06-18,11.0,32.94,256.986,0.52,"3,115.34","4,448,690,000"
2020-06-19,11.0,35.12,256.986,0.51,"3,097.74","8,346,650,000"
2020-06-22,11.0,31.77,256.986,0.52,"3,117.86","4,686,690,000"
2020-06-23,11.0,31.37,256.986,0.54,"3,131.29","4,711,850,000"
2020-06-24,11.0,33.84,256.986,0.5,"3,050.33","5,597,680,000"
2020-06-25,11.0,32.22,256.986,0.51,"3,083.76","4,847,690,000"
2020-06-26,11.0,34.73,256.986,0.47,"3,009.05","8,107,850,000"
2020-06-29,11.0,31.78,256.986,0.48,"3,053.24","4,473,970,000"
2020-06-30,11.0,30.43,256.986,0.5,"3,100.29","4,705,850,000"
2020-07-01,10.2,28.62,258.278,0.52,"3,115.86","4,449,230,000"
2020-07-02,10.2,27.68,258.278,0.52,"3,130.01","4,197,720,000"
2020-07-03,10.2,.,258.278,.,"3,130.01","4,197,720,000"
2020-07-06,10.2,27.94,258.278,0.53,"3,179.72","4,759,160,000"
2020-07-07,10.2,29.43,258.278,0.49,"3,145.32","4,571,330,000"
2020-07-08,10.2,28.08,258.278,0.51,"3,169.94","4,937,310,000"
2020-07-09,10.2,29.26,258.278,0.46,"3,152.05","4,843,650,000"
2020-07-10,10.2,27.29,258.278,0.49,"3,185.04","4,524,190,000"
2020-07-13,10.2,32.19,258.278,0.48,"3,155.22","4,902,440,000"
2020-07-14,10.2,29.52,258.278,0.49,"3,197.52","4,507,140,000"
2020-07-15,10.2,27.76,258.278,0.48,"3,226.56","4,686,830,000"
2020-07-16,10.2,28,258.278,0.46,"3,215.57","3,972,860,000"
2020-07-17,10.2,25.68,258.278,0.5,"3,224.73","4,012,850,000"
2020-07-20,10.2,24.46,258.278,0.46,"3,251.84","3,979,340,000"
2020-07-21,10.2,24.84,258.278,0.47,"3,257.30","4,556,610,000"
2020-07-22,10.2,24.32,258.278,0.46,"3,276.02","4,267,160,000"
2020-07-23,10.2,26.08,258.278,0.43,"3,235.66","4,296,760,000"
2020-07-24,10.2,25.84,258.278,0.45,"3,215.63","3,689,410,000"
2020-07-27,10.2,24.74,258.278,0.47,"3,239.41","3,970,310,000"
2020-07-28,10.2,25.44,258.278,0.45,"3,218.44","4,053,180,000"
2020-07-29,10.2,24.1,258.278,0.46,"3,258.44","4,478,200,000"
2020-07-30,10.2,24.76,258.278,0.44,"3,246.22","4,264,920,000"
2020-07-31,10.2,24.46,258.278,0.44,"3,271.12","5,007,530,000"
2020-08-03,8.4,24.28,259.411,0.45,"3,294.61","4,438,940,000"
2020-08-04,8.4,23.76,259.411,0.41,"3,306.51","4,414,380,000"
2020-08-05,8.4,22.99,259.411,0.44,"3,327.77","4,535,060,000"
2020-08-06,8.4,22.65,259.411,0.44,"3,349.16","4,278,930,000"
2020-08-07,8.4,22.21,259.411,0.44,"3,351.28","4,110,030,000"
2020-08-10,8.4,22.13,259.411,0.45,"3,360.47","4,327,920,000"
2020-08-11,8.4,24.03,259.411,0.48,"3,333.69","4,880,540,000"
2020-08-12,8.4,22.28,259.411,0.53,"3,380.35","3,772,250,000"
2020-08-13,8.4,22.13,259.411,0.55,"3,373.43","3,438,730,000"
2020-08-14,8.4,22.05,259.411,0.57,"3,372.85","3,200,060,000"
2020-08-17,8.4,21.35,259.411,0.55,"3,381.99","3,460,330,000"
2020-08-18,8.4,21.51,259.411,0.53,"3,389.78","3,669,550,000"
2020-08-19,8.4,22.54,259.411,0.54,"3,374.85","3,679,480,000"
2020-08-20,8.4,22.72,259.411,0.52,"3,385.51","3,431,040,000"
2020-08-21,8.4,22.54,259.411,0.48,"3,397.16","3,505,010,000"
2020-08-24,8.4,22.37,259.411,0.51,"3,431.28","3,743,410,000"
2020-08-25,8.4,22.03,259.411,0.54,"3,443.62","3,627,650,000"
2020-08-26,8.4,23.27,259.411,0.53,"3,478.73","3,780,530,000"
2020-08-27,8.4,24.47,259.411,0.58,"3,484.55","3,955,890,000"
2020-08-28,8.4,22.96,259.411,0.6,"3,508.01","3,868,510,000"
2020-08-31,8.4,26.41,259.411,0.58,"3,500.31","4,348,280,000"
2020-09-01,7.9,26.12,260.029,0.55,"3,526.65","4,101,490,000"
2020-09-02,7.9,26.57,260.029,0.52,"3,580.84","4,295,640,000"
2020-09-03,7.9,33.6,260.029,0.5,"3,455.06","4,911,830,000"
2020-09-04,7.9,30.75,260.029,0.58,"3,426.96","4,438,720,000"
2020-09-07,7.9,.,260.029,.,"3,426.96","4,438,720,000"
2020-09-08,7.9,31.46,260.029,0.55,"3,331.84","4,694,330,000"
2020-09-09,7.9,28.81,260.029,0.57,"3,398.96","3,932,520,000"
2020-09-10,7.9,29.71,260.029,0.54,"3,339.19","4,208,630,000"
2020-09-11,7.9,26.87,260.029,0.54,"3,340.97","3,710,090,000"
2020-09-14,7.9,25.85,260.029,0.54,"3,383.54","3,839,580,000"
2020-09-15,7.9,25.59,260.029,0.54,"3,401.20","4,057,190,000"
2020-09-16,7.9,26.04,260.029,0.55,"3,385.49","4,718,900,000"
2020-09-17,7.9,26.46,260.029,0.56,"3,357.01","4,379,840,000"
2020-09-18,7.9,25.83,260.029,0.56,"3,319.47","7,076,400,000"
2020-09-21,7.9,27.78,260.029,0.54,"3,281.06","4,836,070,000"
2020-09-22,7.9,26.86,260.029,0.55,"3,315.57","3,974,510,000"
2020-09-23,7.9,28.58,260.029,0.54,"3,236.92","4,378,650,000"
2020-09-24,7.9,28.51,260.029,0.53,"3,246.59","4,601,920,000"
2020-09-25,7.9,26.38,260.029,0.54,"3,298.46","3,803,330,000"
2020-09-28,7.9,26.19,260.029,0.53,"3,351.60","3,950,910,000"
2020-09-29,7.9,26.27,260.029,0.55,"3,335.47","3,661,590,000"
2020-09-30,7.9,26.37,260.029,0.56,"3,363.00","4,738,640,000"
2020-10-01,6.9,26.7,260.286,0.54,"3,380.80","4,076,340,000"
2020-10-02,6.9,27.63,260.286,0.57,"3,348.42","3,975,180,000"
2020-10-05,6.9,27.96,260.286,0.64,"3,408.60","3,692,720,000"
2020-10-06,6.9,29.48,260.286,0.62,"3,360.97","4,453,390,000"
2020-10-07,6.9,28.06,260.286,0.65,"3,419.44","3,814,750,000"
2020-10-08,6.9,26.36,260.286,0.65,"3,446.83","3,867,640,000"
2020-10-09,6.9,25,260.286,0.63,"3,477.14","3,944,090,000"
2020-10-12,6.9,25.07,260.286,.,"3,534.22","3,435,760,000"
2020-10-13,6.9,26.07,260.286,0.58,"3,511.93","3,611,100,000"
2020-10-14,6.9,26.4,260.286,0.59,"3,488.67","3,858,510,000"
2020-10-15,6.9,26.97,260.286,0.6,"3,483.34","3,724,550,000"
2020-10-16,6.9,27.41,260.286,0.62,"3,483.81","4,688,030,000"
2020-10-19,6.9,29.18,260.286,0.62,"3,426.92","4,091,080,000"
2020-10-20,6.9,29.35,260.286,0.67,"3,443.12","3,917,850,000"
2020-10-21,6.9,28.65,260.286,0.69,"3,435.56","4,103,960,000"
2020-10-22,6.9,28.11,260.286,0.71,"3,453.49","4,172,060,000"
2020-10-23,6.9,27.55,260.286,0.67,"3,465.39","3,651,600,000"
2020-10-27,6.9,33.35,260.286,0.63,"3,390.68","3,962,400,000"
2020-10-28,6.9,40.28,260.286,0.63,"3,271.03","5,139,970,000"
2020-10-29,6.9,37.59,260.286,0.69,"3,310.11","4,911,860,000"
2020-10-30,6.9,38.02,260.286,0.74,"3,269.96","4,843,930,000"
2020-11-02,6.7,37.13,260.813,0.71,"3,310.24","4,314,690,000"
2020-11-03,6.7,35.55,260.813,0.73,"3,369.16","4,241,380,000"
2020-11-04,6.7,29.57,260.813,0.64,"3,443.44","4,790,400,000"
2020-11-05,6.7,27.58,260.813,0.65,"3,510.45","4,858,150,000"
2020-11-06,6.7,24.86,260.813,0.67,"3,509.44","4,842,460,000"
2020-11-09,6.7,25.75,260.813,0.79,"3,550.50","8,570,510,000"
2020-11-10,6.7,24.8,260.813,0.79,"3,545.53","6,037,470,000"
2020-11-11,6.7,23.45,260.813,.,"3,572.66","4,635,560,000"
2020-11-12,6.7,25.35,260.813,0.71,"3,537.01","4,909,660,000"
2020-11-13,6.7,23.1,260.813,0.72,"3,585.15","4,719,580,000"
2020-11-16,6.7,22.45,260.813,0.72,"3,626.91","5,295,510,000"
2020-11-17,6.7,22.71,260.813,0.69,"3,609.53","4,812,180,000"
2020-11-18,6.7,23.84,260.813,0.72,"3,567.79","5,284,810,000"
2020-11-19,6.7,23.11,260.813,0.68,"3,581.87","4,363,370,000"
2020-11-20,6.7,23.7,260.813,0.67,"3,557.54","4,236,370,000"
2020-11-23,6.7,22.66,260.813,0.7,"3,577.59","5,057,550,000"
2020-11-24,6.7,21.64,260.813,0.72,"3,635.41","6,280,290,000"
2020-11-25,6.7,21.25,260.813,0.71,"3,629.65","4,910,440,000"
2020-11-26,6.7,.,260.813,.,"3,629.65","4,910,440,000"
2020-11-27,6.7,20.84,260.813,0.68,"3,638.35","2,778,390,000"
2020-11-30,6.7,20.57,260.813,0.68,"3,621.63","6,308,410,000"
2020-12-01,6.7,20.77,262.035,0.75,"3,662.45","5,418,480,000"
2020-12-02,6.7,21.17,262.035,0.79,"3,669.01","5,041,250,000"
2020-12-03,6.7,21.28,262.035,0.76,"3,666.72","5,065,340,000"
2020-12-04,6.7,20.79,262.035,0.81,"3,699.12","5,099,620,000"
2020-12-07,6.7,21.3,262.035,0.8,"3,691.96","4,804,500,000"
2020-12-08,6.7,20.68,262.035,0.78,"3,702.25","4,584,390,000"
2020-12-09,6.7,22.27,262.035,0.79,"3,672.82","5,232,800,000"
2020-12-10,6.7,22.52,262.035,0.78,"3,668.10","4,658,480,000"
2020-12-11,6.7,23.31,262.035,0.79,"3,663.46","4,375,470,000"
2020-12-14,6.7,24.72,262.035,0.77,"3,647.49","4,623,850,000"
2020-12-15,6.7,22.89,262.035,0.81,"3,694.62","4,387,080,000"
2020-12-16,6.7,22.5,262.035,0.79,"3,701.17","4,067,040,000"
2020-12-17,6.7,21.93,262.035,0.81,"3,722.48","4,192,810,000"
2020-12-18,6.7,21.57,262.035,0.82,"3,709.41","7,097,100,000"
2020-12-21,6.7,25.16,262.035,0.82,"3,694.92","4,748,580,000"
2020-12-22,6.7,24.23,262.035,0.8,"3,687.26","4,053,310,000"
2020-12-23,6.7,23.31,262.035,0.83,"3,690.01","3,779,160,000"
2020-12-28,6.7,21.7,262.035,0.81,"3,735.36","3,535,460,000"
2020-12-29,6.7,23.08,262.035,0.82,"3,727.04","3,393,290,000"
2020-12-30,6.7,22.77,262.035,0.81,"3,732.04","3,154,850,000"
2021-01-04,6.3,26.97,262.65,0.82,"3,700.65","5,015,000,000"
2021-01-05,6.3,25.34,262.65,0.83,"3,726.86","4,591,020,000"
2021-01-06,6.3,25.07,262.65,0.9,"3,748.14","6,064,110,000"
2021-01-07,6.3,22.37,262.65,0.94,"3,803.79","5,099,160,000"
2021-01-08,6.3,21.56,262.65,0.99,"3,824.68","4,773,040,000"
2021-01-11,6.3,24.08,262.65,1.01,"3,799.61","4,465,430,000"
2021-01-12,6.3,23.33,262.65,1.01,"3,801.19","4,994,950,000"
2021-01-13,6.3,22.21,262.65,0.96,"3,809.84","4,602,510,000"
2021-01-14,6.3,23.25,262.65,0.99,"3,795.54","5,198,480,000"
2021-01-15,6.3,24.34,262.65,0.98,"3,768.25","5,369,820,000"
2021-01-18,6.3,.,262.65,.,"3,768.25","5,369,820,000"
2021-01-19,6.3,23.24,262.65,0.96,"3,798.91","5,014,440,000"
2021-01-20,6.3,21.58,262.65,0.97,"3,851.85","4,566,190,000"
2021-01-21,6.3,21.32,262.65,0.99,"3,853.07","4,501,760,000"
2021-01-22,6.3,21.91,262.65,0.97,"3,841.47","5,110,890,000"
2021-01-25,6.3,23.19,262.65,0.92,"3,855.36","7,000,840,000"
2021-01-26,6.3,23.02,262.65,0.94,"3,849.62","6,137,500,000"
2021-01-27,6.3,37.21,262.65,0.92,"3,750.77","9,976,520,000"
2021-01-28,6.3,30.21,262.65,0.95,"3,787.38","6,992,770,000"
2021-01-29,6.3,33.09,262.65,1,"3,714.24","6,643,370,000"
2021-02-01,6.2,30.24,263.638,0.98,"3,773.86","5,436,230,000"
2021-02-02,6.2,25.56,263.638,1.01,"3,826.31","5,514,090,000"
2021-02-03,6.2,22.91,263.638,1.04,"3,830.17","4,864,870,000"
2021-02-04,6.2,21.77,263.638,1.04,"3,871.74","4,879,240,000"
2021-02-05,6.2,20.87,263.638,1.1,"3,886.83","4,879,470,000"
2021-02-08,6.2,21.24,263.638,1.08,"3,915.59","4,648,360,000"
2021-02-09,6.2,21.63,263.638,1.07,"3,911.23","4,568,320,000"
2021-02-10,6.2,21.99,263.638,1.04,"3,909.88","4,837,070,000"
2021-02-11,6.2,21.25,263.638,1.05,"3,916.38","4,590,960,000"
2021-02-12,6.2,19.97,263.638,1.09,"3,934.83","4,135,060,000"
2021-02-15,6.2,.,263.638,.,"3,934.83","4,135,060,000"
2021-02-16,6.2,21.46,263.638,1.17,"3,932.59","5,058,990,000"
2021-02-17,6.2,21.5,263.638,1.18,"3,931.33","4,730,650,000"
2021-02-18,6.2,22.49,263.638,1.18,"3,913.97","4,793,650,000"
2021-02-19,6.2,22.05,263.638,1.23,"3,906.71","4,845,320,000"
2021-02-22,6.2,23.45,263.638,1.26,"3,876.50","5,917,100,000"
2021-02-23,6.2,23.11,263.638,1.26,"3,881.37","6,296,610,000"
2021-02-24,6.2,21.34,263.638,1.26,"3,925.43","6,012,790,000"
2021-02-25,6.2,28.89,263.638,1.37,"3,829.34","6,547,470,000"
2021-02-26,6.2,27.95,263.638,1.3,"3,811.15","6,526,070,000"
2021-03-01,6.1,23.35,264.914,1.32,"3,901.82","5,114,820,000"
2021-03-02,6.1,24.1,264.914,1.29,"3,870.29","5,536,010,000"
2021-03-03,6.1,26.67,264.914,1.33,"3,819.72","6,173,660,000"
2021-03-04,6.1,28.57,264.914,1.4,"3,768.47","7,195,400,000"
2021-03-05,6.1,24.66,264.914,1.42,"3,841.94","6,851,070,000"
2021-03-08,6.1,25.47,264.914,1.42,"3,821.35","5,871,710,000"
2021-03-09,6.1,24.03,264.914,1.38,"3,875.44","5,513,560,000"
2021-03-10,6.1,22.56,264.914,1.37,"3,898.81","5,847,380,000"
2021-03-11,6.1,21.91,264.914,1.4,"3,939.34","5,312,880,000"
2021-03-12,6.1,20.69,264.914,1.5,"3,943.34","4,476,280,000"
2021-03-15,6.1,20.03,264.914,1.48,"3,968.94","4,900,100,000"
2021-03-16,6.1,19.79,264.914,1.47,"3,962.71","4,613,080,000"
2021-03-17,6.1,19.23,264.914,1.5,"3,974.12","4,561,660,000"
2021-03-18,6.1,21.58,264.914,1.55,"3,915.46","5,118,590,000"
2021-03-19,6.1,20.95,264.914,1.58,"3,913.10","7,757,420,000"
2021-03-22,6.1,18.88,264.914,1.54,"3,940.59","4,316,260,000"
2021-03-23,6.1,20.3,264.914,1.48,"3,910.52","4,669,010,000"
2021-03-24,6.1,21.2,264.914,1.48,"3,889.14","4,783,020,000"
2021-03-25,6.1,19.81,264.914,1.49,"3,909.52","4,948,340,000"
2021-03-26,6.1,18.86,264.914,1.53,"3,974.54","5,483,160,000"
2021-03-29,6.1,20.74,264.914,1.59,"3,971.09","4,628,180,000"
2021-03-30,6.1,19.61,264.914,1.57,"3,958.55","4,121,510,000"
2021-03-31,6.1,19.4,264.914,1.58,"3,972.89","4,578,050,000"
2021-04-01,6.1,17.33,266.67,1.52,"4,019.87","4,162,130,000"
2021-04-06,6.1,18.12,266.67,1.51,"4,073.94","4,081,270,000"
2021-04-07,6.1,17.16,266.67,1.52,"4,079.95","4,120,810,000"
2021-04-08,6.1,16.95,266.67,1.5,"4,097.17","3,907,100,000"
2021-04-09,6.1,16.69,266.67,1.51,"4,128.80","3,640,390,000"
2021-04-12,6.1,16.91,266.67,1.51,"4,127.99","3,588,900,000"
2021-04-13,6.1,16.65,266.67,1.48,"4,141.59","3,734,720,000"
2021-04-14,6.1,16.99,266.67,1.48,"4,124.66","3,985,350,000"
2021-04-15,6.1,16.57,266.67,1.4,"4,170.42","4,033,420,000"
2021-04-16,6.1,16.25,266.67,1.43,"4,185.47","4,163,820,000"
2021-04-19,6.1,17.29,266.67,1.45,"4,163.26","3,810,290,000"
2021-04-20,6.1,18.68,266.67,1.43,"4,134.94","4,342,650,000"
2021-04-21,6.1,17.5,266.67,1.42,"4,173.42","3,887,250,000"
2021-04-22,6.1,18.71,266.67,1.41,"4,134.98","4,245,140,000"
2021-04-23,6.1,17.33,266.67,1.42,"4,180.17","3,569,880,000"
2021-04-26,6.1,17.64,266.67,1.4,"4,187.62","3,748,320,000"
2021-04-27,6.1,17.56,266.67,1.46,"4,186.72","3,710,700,000"
2021-04-28,6.1,17.28,266.67,1.46,"4,183.18","3,787,360,000"
2021-04-29,6.1,17.61,266.67,1.49,"4,211.47","4,298,680,000"
2021-04-30,6.1,18.61,266.67,1.49,"4,181.17","4,300,880,000"
2021-05-03,5.8,18.31,268.444,1.47,"4,192.66","4,070,220,000"
2021-05-04,5.8,19.48,268.444,1.45,"4,164.66","4,452,460,000"
2021-05-05,5.8,19.15,268.444,1.43,"4,167.59","4,230,920,000"
2021-05-06,5.8,18.39,268.444,1.42,"4,201.62","4,511,000,000"
2021-05-07,5.8,16.69,268.444,1.46,"4,232.60","4,016,080,000"
2021-05-10,5.8,19.66,268.444,1.47,"4,188.43","4,560,700,000"
2021-05-11,5.8,21.84,268.444,1.48,"4,152.10","4,870,710,000"
2021-05-12,5.8,27.59,268.444,1.53,"4,063.04","4,733,070,000"
2021-05-13,5.8,23.13,268.444,1.5,"4,112.50","4,779,540,000"
2021-05-14,5.8,18.81,268.444,1.47,"4,173.85","4,008,880,000"
2021-05-17,5.8,19.72,268.444,1.48,"4,163.29","4,125,050,000"
2021-05-18,5.8,21.34,268.444,1.48,"4,127.83","4,398,150,000"
2021-05-19,5.8,22.18,268.444,1.52,"4,115.68","4,247,450,000"
2021-05-20,5.8,20.67,268.444,1.48,"4,159.12","3,978,880,000"
2021-05-21,5.8,20.15,268.444,1.46,"4,155.86","3,995,250,000"
2021-05-25,5.8,18.84,268.444,1.41,"4,188.13","4,182,250,000"
2021-05-26,5.8,17.36,268.444,1.44,"4,195.99","4,420,890,000"
2021-05-27,5.8,16.74,268.444,1.47,"4,200.88","6,406,310,000"
2021-05-28,5.8,16.76,268.444,1.44,"4,204.11","4,649,250,000"
2021-05-31,5.8,.,268.444,.,"4,204.11","4,649,250,000"
2021-06-01,5.9,17.9,270.559,1.46,"4,202.04","5,074,670,000"
2021-06-02,5.9,17.48,270.559,1.46,"4,208.12","5,833,670,000"
2021-06-03,5.9,18.04,270.559,1.47,"4,192.85","5,587,970,000"
2021-06-04,5.9,16.42,270.559,1.42,"4,229.89","4,139,790,000"
2021-06-07,5.9,16.42,270.559,1.41,"4,226.52","4,476,920,000"
2021-06-08,5.9,17.07,270.559,1.39,"4,227.26","4,659,620,000"
2021-06-09,5.9,17.89,270.559,1.34,"4,219.55","4,713,260,000"
2021-06-10,5.9,16.1,270.559,1.31,"4,239.18","4,408,210,000"
2021-06-11,5.9,15.65,270.559,1.31,"4,247.44","3,815,010,000"
2021-06-14,5.9,16.39,270.559,1.35,"4,255.15","4,151,200,000"
2021-06-15,5.9,17.02,270.559,1.35,"4,246.59","4,048,940,000"
2021-06-16,5.9,18.15,270.559,1.36,"4,223.70","4,538,350,000"
2021-06-17,5.9,17.75,270.559,1.29,"4,221.86","5,312,680,000"
2021-06-18,5.9,20.7,270.559,1.19,"4,166.45","6,817,010,000"
2021-06-21,5.9,17.89,270.559,1.23,"4,224.79","4,128,950,000"
2021-06-22,5.9,16.66,270.559,1.23,"4,246.44","3,828,390,000"
2021-06-23,5.9,16.32,270.559,1.24,"4,241.84","3,730,350,000"
2021-06-24,5.9,15.97,270.559,1.23,"4,266.49","3,816,660,000"
2021-06-25,5.9,15.62,270.559,1.26,"4,280.70","7,341,450,000"
2021-06-28,5.9,15.76,270.559,1.24,"4,290.61","4,147,890,000"
2021-06-29,5.9,16.02,270.559,1.22,"4,291.80","3,707,150,000"
2021-06-30,5.9,15.83,270.559,1.2,"4,297.50","4,266,040,000"
2021-07-01,5.4,15.48,271.764,1.23,"4,319.94","3,788,230,000"
2021-07-02,5.4,15.07,271.764,1.2,"4,352.34","3,225,840,000"
2021-07-05,5.4,.,271.764,.,"4,352.34","3,225,840,000"
2021-07-06,5.4,16.44,271.764,1.15,"4,343.54","4,309,570,000"
2021-07-07,5.4,16.2,271.764,1.11,"4,358.13","4,037,380,000"
2021-07-08,5.4,19,271.764,1.11,"4,320.82","4,347,500,000"
2021-07-09,5.4,16.18,271.764,1.14,"4,369.55","3,531,120,000"
2021-07-12,5.4,16.17,271.764,1.15,"4,384.63","3,384,460,000"
2021-07-13,5.4,17.12,271.764,1.16,"4,369.21","3,695,430,000"
2021-07-14,5.4,16.33,271.764,1.14,"4,374.30","4,006,370,000"
2021-07-15,5.4,17.01,271.764,1.08,"4,360.03","3,905,230,000"
2021-07-16,5.4,18.45,271.764,1.06,"4,327.16","3,985,700,000"
2021-07-19,5.4,22.5,271.764,0.98,"4,258.49","5,157,660,000"
2021-07-20,5.4,19.73,271.764,1.03,"4,323.06","4,438,270,000"
2021-07-21,5.4,17.91,271.764,1.08,"4,358.69","3,810,280,000"
2021-07-22,5.4,17.69,271.764,1.07,"4,367.48","3,358,300,000"
2021-07-23,5.4,17.2,271.764,1.08,"4,411.79","4,540,070,000"
2021-07-26,5.4,17.58,271.764,1.07,"4,422.30","4,275,630,000"
2021-07-27,5.4,19.36,271.764,1.05,"4,401.46","4,241,950,000"
2021-07-28,5.4,18.31,271.764,1.06,"4,400.64","4,215,290,000"
2021-07-29,5.4,17.7,271.764,1.08,"4,419.15","4,044,600,000"
2021-07-30,5.4,18.24,271.764,1.05,"4,395.26","3,956,740,000"
2021-08-02,5.2,19.46,272.87,1.03,"4,387.16","3,724,090,000"
2021-08-03,5.2,18.04,272.87,1.02,"4,423.15","3,965,190,000"
2021-08-04,5.2,17.97,272.87,1.02,"4,402.66","4,260,760,000"
2021-08-05,5.2,17.28,272.87,1.02,"4,429.10","3,769,410,000"
2021-08-06,5.2,16.15,272.87,1.1,"4,436.52","3,451,870,000"
2021-08-09,5.2,16.72,272.87,1.1,"4,432.35","3,449,280,000"
2021-08-10,5.2,16.79,272.87,1.12,"4,436.75","3,886,610,000"
2021-08-11,5.2,16.06,272.87,1.12,"4,442.41","3,532,560,000"
2021-08-12,5.2,15.59,272.87,1.13,"4,460.83","3,375,310,000"
2021-08-13,5.2,15.45,272.87,1.06,"4,468.00","3,016,470,000"
2021-08-16,5.2,16.12,272.87,1.05,"4,479.71","3,370,640,000"
2021-08-17,5.2,17.91,272.87,1.03,"4,448.08","3,836,960,000"
2021-08-18,5.2,21.57,272.87,1.04,"4,400.27","3,755,590,000"
2021-08-19,5.2,21.67,272.87,1.02,"4,405.80","4,398,410,000"
2021-08-20,5.2,18.56,272.87,1.03,"4,441.67","3,652,610,000"
2021-08-23,5.2,17.15,272.87,1.02,"4,479.53","3,576,530,000"
2021-08-24,5.2,17.22,272.87,1.05,"4,486.23","3,979,220,000"
2021-08-25,5.2,16.79,272.87,1.12,"4,496.19","3,444,700,000"
2021-08-26,5.2,18.84,272.87,1.09,"4,470.00","3,263,980,000"
2021-08-27,5.2,16.39,272.87,1.09,"4,509.37","3,331,200,000"
2021-08-30,5.2,16.19,272.87,1.09,"4,528.79","3,168,660,000"
2021-08-31,5.2,16.48,272.87,1.1,"4,522.68","4,290,710,000"
2021-09-01,4.8,16.11,274.028,1.11,"4,524.09","4,057,340,000"
2021-09-02,4.8,16.41,274.028,1.09,"4,536.95","3,735,990,000"
2021-09-03,4.8,16.41,274.028,1.12,"4,535.43","3,217,530,000"
2021-09-06,4.8,.,274.028,.,"4,535.43","3,217,530,000"
2021-09-07,4.8,18.14,274.028,1.16,"4,520.03","3,822,960,000"
2021-09-08,4.8,17.96,274.028,1.13,"4,514.07","3,750,880,000"
2021-09-09,4.8,18.8,274.028,1.07,"4,493.28","3,735,390,000"
2021-09-10,4.8,20.95,274.028,1.12,"4,458.58","3,623,180,000"
2021-09-13,4.8,19.37,274.028,1.12,"4,468.73","3,914,220,000"
2021-09-14,4.8,19.46,274.028,1.07,"4,443.05","3,670,460,000"
2021-09-15,4.8,18.18,274.028,1.1,"4,480.70","4,032,020,000"
2021-09-16,4.8,18.69,274.028,1.11,"4,473.75","3,984,560,000"
2021-09-17,4.8,20.81,274.028,1.14,"4,432.99","7,289,530,000"
2021-09-20,4.8,25.71,274.028,1.08,"4,357.73","4,898,070,000"
2021-09-21,4.8,24.36,274.028,1.11,"4,354.19","3,920,920,000"
2021-09-22,4.8,20.87,274.028,1.07,"4,395.64","3,939,170,000"
2021-09-23,4.8,18.63,274.028,1.14,"4,448.98","3,916,350,000"
2021-09-24,4.8,17.75,274.028,1.18,"4,455.48","3,384,290,000"
2021-09-27,4.8,18.76,274.028,1.17,"4,443.11","4,058,650,000"
2021-09-28,4.8,23.25,274.028,1.23,"4,352.63","4,416,550,000"
2021-09-29,4.8,22.56,274.028,1.25,"4,359.46","3,712,660,000"
2021-09-30,4.8,23.14,274.028,1.24,"4,307.54","4,448,140,000"
2021-10-01,4.5,21.15,276.522,1.21,"4,357.04","4,010,370,000"
2021-10-04,4.5,22.96,276.522,1.22,"4,300.46","4,307,870,000"
2021-10-05,4.5,21.3,276.522,1.26,"4,345.72","3,902,890,000"
2021-10-06,4.5,21,276.522,1.23,"4,363.55","4,009,630,000"
2021-10-07,4.5,19.54,276.522,1.26,"4,399.76","3,843,740,000"
2021-10-08,4.5,18.77,276.522,1.29,"4,391.34","3,280,160,000"
2021-10-11,4.5,20,276.522,.,"4,361.19","3,281,970,000"
2021-10-12,4.5,19.85,276.522,1.24,"4,350.65","3,558,450,000"
2021-10-13,4.5,18.64,276.522,1.19,"4,363.80","3,620,070,000"
2021-10-14,4.5,16.86,276.522,1.16,"4,438.26","3,598,280,000"
2021-10-15,4.5,16.3,276.522,1.18,"4,471.37","3,819,380,000"
2021-10-18,4.5,16.31,276.522,1.15,"4,486.46","3,662,010,000"
2021-10-19,4.5,15.7,276.522,1.24,"4,519.63","3,459,130,000"
2021-10-20,4.5,15.49,276.522,1.25,"4,536.19","3,670,760,000"
2021-10-21,4.5,15.01,276.522,1.23,"4,549.78","3,822,330,000"
2021-10-22,4.5,15.43,276.522,1.18,"4,544.90","3,758,220,000"
2021-10-25,4.5,15.24,276.522,1.17,"4,566.48","3,899,400,000"
2021-10-27,4.5,16.98,276.522,1.04,"4,551.68","4,226,050,000"
2021-10-28,4.5,16.53,276.522,1.07,"4,596.42","4,132,950,000"
2021-10-29,4.5,16.26,276.522,1.07,"4,605.38","4,510,200,000"
2021-11-01,4.2,16.41,278.711,1.08,"4,613.67","3,971,540,000"
2021-11-02,4.2,16.03,278.711,1.1,"4,630.65","3,975,250,000"
2021-11-03,4.2,15.1,278.711,1.13,"4,660.57","4,319,660,000"
2021-11-04,4.2,15.44,278.711,1.12,"4,680.06","4,462,300,000"
2021-11-05,4.2,16.48,278.711,1.06,"4,697.53","4,467,180,000"
2021-11-08,4.2,17.22,278.711,1.06,"4,701.70","4,269,710,000"
2021-11-09,4.2,17.78,278.711,1.05,"4,685.25","4,117,080,000"
2021-11-10,4.2,18.73,278.711,1.05,"4,646.71","4,503,720,000"
2021-11-11,4.2,17.66,278.711,.,"4,649.27","3,926,870,000"
2021-11-12,4.2,16.29,278.711,1.05,"4,682.85","3,728,600,000"
2021-11-15,4.2,16.49,278.711,1.1,"4,682.80","3,488,410,000"
2021-11-16,4.2,16.37,278.711,1.09,"4,700.90","3,972,640,000"
2021-11-17,4.2,17.11,278.711,1.08,"4,688.67","3,969,070,000"
2021-11-18,4.2,17.59,278.711,1.07,"4,704.54","4,226,410,000"
2021-11-19,4.2,17.91,278.711,1.02,"4,697.96","4,253,180,000"
2021-11-22,4.2,19.17,278.711,1,"4,682.94","4,441,100,000"
2021-11-23,4.2,19.38,278.711,1.07,"4,690.70","4,277,590,000"
2021-11-24,4.2,18.58,278.711,1,"4,701.46","3,418,430,000"
2021-11-25,4.2,.,278.711,.,"4,701.46","3,418,430,000"
2021-11-26,4.2,28.62,278.711,0.98,"4,594.62","3,517,700,000"
2021-11-29,4.2,22.96,278.711,1.01,"4,655.27","4,336,410,000"
2021-11-30,4.2,27.19,278.711,0.91,"4,567.00","6,625,990,000"
2021-12-01,3.9,31.12,280.887,0.87,"4,513.04","5,366,730,000"
2021-12-02,3.9,27.95,280.887,0.81,"4,577.10","5,077,180,000"
2021-12-03,3.9,30.67,280.887,0.75,"4,538.43","5,240,070,000"
2021-12-06,3.9,27.18,280.887,0.78,"4,591.67","4,770,800,000"
2021-12-07,3.9,21.89,280.887,0.78,"4,686.75","4,492,400,000"
2021-12-08,3.9,19.9,280.887,0.84,"4,701.21","4,234,600,000"
2021-12-09,3.9,21.58,280.887,0.79,"4,667.45","3,903,840,000"
2021-12-10,3.9,18.69,280.887,0.81,"4,712.02","3,870,110,000"
2021-12-13,3.9,20.31,280.887,0.76,"4,668.97","4,397,230,000"
2021-12-14,3.9,21.89,280.887,0.77,"4,634.09","4,485,430,000"
2021-12-15,3.9,19.29,280.887,0.78,"4,709.85","4,910,130,000"
2021-12-16,3.9,20.57,280.887,0.8,"4,668.67","4,829,500,000"
2021-12-17,3.9,21.57,280.887,0.75,"4,620.64","7,987,090,000"
2021-12-20,3.9,22.87,280.887,0.78,"4,568.02","4,635,700,000"
2021-12-21,3.9,21.01,280.887,0.78,"4,649.23","4,072,430,000"
2021-12-22,3.9,18.63,280.887,0.78,"4,696.56","3,319,610,000"
2021-12-23,3.9,17.96,280.887,0.79,"4,725.79","2,913,040,000"
2021-12-27,3.9,17.68,280.887,0.72,"4,791.19","2,770,290,000"
2021-12-28,3.9,17.54,280.887,0.75,"4,786.35","2,707,920,000"
2021-12-29,3.9,16.95,280.887,0.8,"4,793.06","2,963,310,000"
2021-12-30,3.9,17.33,280.887,0.79,"4,778.73","3,124,950,000"
2022-01-03,4.0,16.6,282.599,0.85,"4,796.56","3,831,020,000"
2022-01-04,4.0,16.91,282.599,0.89,"4,793.54","4,683,170,000"
2022-01-05,4.0,19.73,282.599,0.88,"4,700.58","4,887,960,000"
2022-01-06,4.0,19.61,282.599,0.85,"4,696.05","4,295,280,000"
2022-01-07,4.0,18.76,282.599,0.89,"4,677.03","4,181,510,000"
2022-01-10,4.0,19.4,282.599,0.86,"4,670.29","4,511,810,000"
2022-01-11,4.0,18.41,282.599,0.85,"4,713.07","4,101,590,000"
2022-01-12,4.0,17.62,282.599,0.82,"4,726.35","4,048,220,000"
2022-01-13,4.0,20.31,282.599,0.79,"4,659.03","4,251,730,000"
2022-01-14,4.0,19.19,282.599,0.79,"4,662.85","4,338,490,000"
2022-01-17,4.0,.,282.599,.,"4,662.85","4,338,490,000"
2022-01-18,4.0,22.79,282.599,0.81,"4,577.11","4,748,700,000"
2022-01-19,4.0,23.85,282.599,0.79,"4,532.76","4,465,740,000"
2022-01-20,4.0,25.59,282.599,0.75,"4,482.73","4,640,870,000"
2022-01-21,4.0,28.85,282.599,0.74,"4,397.94","5,589,100,000"
2022-01-24,4.0,29.9,282.599,0.76,"4,410.13","6,928,110,000"
2022-01-25,4.0,31.16,282.599,0.76,"4,356.45","5,145,050,000"
2022-01-26,4.0,31.96,282.599,0.72,"4,349.93","5,570,640,000"
2022-01-27,4.0,30.49,282.599,0.63,"4,326.51","5,214,200,000"
2022-01-28,4.0,27.66,282.599,0.63,"4,431.85","5,031,090,000"
2022-01-31,4.0,24.83,282.599,0.61,"4,515.55","5,098,610,000"
2022-02-01,3.8,21.96,284.61,0.63,"4,546.54","4,816,830,000"
2022-02-02,3.8,22.09,284.61,0.62,"4,589.38","4,481,580,000"
2022-02-03,3.8,24.35,284.61,0.63,"4,477.44","4,401,970,000"
2022-02-04,3.8,23.22,284.61,0.62,"4,500.53","4,706,290,000"
2022-02-07,3.8,22.86,284.61,0.62,"4,483.87","4,228,480,000"
2022-02-08,3.8,21.44,284.61,0.61,"4,521.54","4,459,620,000"
2022-02-09,3.8,19.96,284.61,0.58,"4,587.18","4,524,350,000"
2022-02-10,3.8,23.91,284.61,0.42,"4,504.08","5,314,860,000"
2022-02-11,3.8,27.36,284.61,0.42,"4,418.64","5,251,500,000"
2022-02-14,3.8,28.33,284.61,0.4,"4,401.67","4,600,390,000"
2022-02-15,3.8,25.7,284.61,0.47,"4,471.07","4,430,830,000"
2022-02-16,3.8,24.29,284.61,0.51,"4,475.01","4,283,640,000"
2022-02-17,3.8,28.11,284.61,0.48,"4,380.26","4,539,420,000"
2022-02-18,3.8,27.75,284.61,0.45,"4,348.87","4,708,060,000"
2022-02-21,3.8,.,284.61,.,"4,348.87","4,708,060,000"
2022-02-22,3.8,28.81,284.61,0.38,"4,304.76","5,121,900,000"
2022-02-23,3.8,31.02,284.61,0.41,"4,225.50","4,797,430,000"
2022-02-24,3.8,30.32,284.61,0.42,"4,288.70","6,752,130,000"
2022-02-25,3.8,27.59,284.61,0.42,"4,384.65","5,177,060,000"
2022-02-28,3.8,30.15,284.61,0.39,"4,373.94","6,071,370,000"
2022-03-01,3.6,33.32,287.472,0.41,"4,306.26","5,846,230,000"
2022-03-02,3.6,30.74,287.472,0.36,"4,386.54","5,337,870,000"
2022-03-03,3.6,30.48,287.472,0.33,"4,363.49","5,039,890,000"
2022-03-04,3.6,31.98,287.472,0.24,"4,328.87","5,797,380,000"
2022-03-07,3.6,36.45,287.472,0.23,"4,201.09","6,940,470,000"
2022-03-08,3.6,35.13,287.472,0.23,"4,170.70","7,243,120,000"
2022-03-09,3.6,32.45,287.472,0.26,"4,277.88","5,662,670,000"
2022-03-10,3.6,30.23,287.472,0.26,"4,259.52","4,980,830,000"
2022-03-11,3.6,30.75,287.472,0.25,"4,204.31","4,938,640,000"
2022-03-14,3.6,31.77,287.472,0.27,"4,173.11","5,574,920,000"
2022-03-15,3.6,29.83,287.472,0.3,"4,262.45","5,392,470,000"
2022-03-16,3.6,26.67,287.472,0.24,"4,357.86","6,309,750,000"
2022-03-17,3.6,25.67,287.472,0.26,"4,411.67","4,985,090,000"
2022-03-18,3.6,23.87,287.472,0.17,"4,463.12","8,278,430,000"
2022-03-21,3.6,23.53,287.472,0.18,"4,461.18","4,869,820,000"
2022-03-22,3.6,22.94,287.472,0.2,"4,511.61","4,754,840,000"
2022-03-23,3.6,23.57,287.472,0.19,"4,456.24","4,550,670,000"
2022-03-24,3.6,21.67,287.472,0.21,"4,520.16","4,131,390,000"
2022-03-25,3.6,20.81,287.472,0.18,"4,543.06","4,305,020,000"
2022-03-28,3.6,19.63,287.472,0.11,"4,575.52","4,312,260,000"
2022-03-29,3.6,18.9,287.472,0.06,"4,631.60","5,085,910,000"
2022-03-30,3.6,19.33,287.472,0.04,"4,602.45","4,385,570,000"
2022-03-31,3.6,20.56,287.472,0.04,"4,530.41","4,823,020,000"
2022-04-01,3.6,19.63,288.611,-0.05,"4,545.86","4,562,940,000"
2022-04-04,3.6,18.57,288.611,-0.01,"4,582.64","4,547,350,000"
2022-04-05,3.6,21.03,288.611,0.03,"4,525.12","4,800,620,000"
2022-04-06,3.6,22.1,288.611,0.11,"4,481.15","4,986,830,000"
2022-04-07,3.6,21.55,288.611,0.19,"4,500.21","4,821,490,000"
2022-04-08,3.6,21.16,288.611,0.19,"4,488.28","4,083,200,000"
2022-04-11,3.6,24.37,288.611,0.29,"4,412.53","4,266,290,000"
2022-04-12,3.6,24.26,288.611,0.33,"4,397.45","4,152,090,000"
2022-04-13,3.6,21.82,288.611,0.33,"4,446.59","3,828,150,000"
2022-04-14,3.6,22.7,288.611,0.36,"4,392.59","4,083,090,000"
2022-04-19,3.6,21.37,288.611,0.32,"4,462.21","4,108,120,000"
2022-04-20,3.6,20.32,288.611,0.25,"4,459.45","4,290,450,000"
2022-04-21,3.6,22.68,288.611,0.22,"4,393.66","4,636,890,000"
2022-04-22,3.6,28.21,288.611,0.18,"4,271.78","4,651,940,000"
2022-04-25,3.6,27.02,288.611,0.18,"4,296.12","5,240,040,000"
2022-04-26,3.6,33.52,288.611,0.23,"4,175.20","4,689,970,000"
2022-04-27,3.6,31.6,288.611,0.24,"4,183.96","4,769,680,000"
2022-04-28,3.6,29.99,288.611,0.22,"4,287.50","4,854,180,000"
2022-04-29,3.6,33.4,288.611,0.19,"4,131.93","5,084,030,000"
2022-05-02,3.6,32.34,291.268,0.26,"4,155.38","5,163,790,000"
2022-05-03,3.6,29.25,291.268,0.19,"4,175.48","4,582,050,000"
2022-05-04,3.6,25.42,291.268,0.27,"4,300.17","5,136,360,000"
2022-05-05,3.6,31.2,291.268,0.34,"4,146.87","5,077,030,000"
2022-05-06,3.6,30.19,291.268,0.4,"4,123.34","5,116,940,000"
2022-05-09,3.6,34.75,291.268,0.44,"3,991.24","5,954,520,000"
2022-05-10,3.6,32.99,291.268,0.37,"4,001.05","5,885,820,000"
2022-05-11,3.6,32.56,291.268,0.25,"3,935.18","5,816,140,000"
2022-05-12,3.6,31.77,291.268,0.28,"3,930.08","6,286,450,000"
2022-05-13,3.6,28.87,291.268,0.32,"4,023.89","5,183,340,000"
2022-05-16,3.6,27.47,291.268,0.3,"4,008.01","4,415,030,000"
2022-05-17,3.6,26.1,291.268,0.27,"4,088.85","4,841,410,000"
2022-05-18,3.6,30.96,291.268,0.21,"3,923.68","5,103,220,000"
2022-05-19,3.6,29.35,291.268,0.21,"3,900.79","5,113,550,000"
2022-05-20,3.6,29.43,291.268,0.18,"3,901.36","5,130,730,000"
2022-05-23,3.6,28.48,291.268,0.21,"3,973.75","4,420,030,000"
2022-05-24,3.6,29.45,291.268,0.26,"3,941.48","4,923,190,000"
2022-05-25,3.6,28.37,291.268,0.27,"3,978.73","4,802,560,000"
2022-05-26,3.6,27.5,291.268,0.29,"4,057.84","4,709,970,000"
2022-05-27,3.6,25.72,291.268,0.27,"4,158.24","4,375,620,000"
2022-05-30,3.6,26.54,291.268,.,"4,158.24","4,375,620,000"
2022-05-31,3.6,26.19,291.268,0.32,"4,132.15","6,822,640,000"
2022-06-01,3.6,25.69,294.728,0.28,"4,101.23","4,531,800,000"
2022-06-02,3.6,24.72,294.728,0.27,"4,176.82","4,405,790,000"
2022-06-03,3.6,24.79,294.728,0.3,"4,108.54","3,711,110,000"
2022-06-07,3.6,24.02,294.728,0.23,"4,160.68","4,248,210,000"
2022-06-08,3.6,23.96,294.728,0.25,"4,115.77","4,159,470,000"
2022-06-09,3.6,26.09,294.728,0.21,"4,017.82","4,134,170,000"
2022-06-10,3.6,27.75,294.728,0.09,"3,900.86","4,889,640,000"
2022-06-13,3.6,34.02,294.728,0.03,"3,749.63","5,636,890,000"
2022-06-14,3.6,32.69,294.728,0.04,"3,735.48","5,153,890,000"
2022-06-15,3.6,29.62,294.728,0.13,"3,789.99","5,530,480,000"
2022-06-16,3.6,32.95,294.728,0.14,"3,666.77","5,644,930,000"
2022-06-17,3.6,31.13,294.728,0.08,"3,674.84","8,520,740,000"
2022-06-20,3.6,31.03,294.728,.,"3,674.84","8,520,740,000"
2022-06-21,3.6,30.19,294.728,0.1,"3,764.79","5,292,260,000"
2022-06-22,3.6,28.95,294.728,0.1,"3,759.89","5,058,990,000"
2022-06-23,3.6,29.05,294.728,0.08,"3,795.73","5,098,640,000"
2022-06-24,3.6,27.23,294.728,0.09,"3,911.74","8,120,260,000"
2022-06-27,3.6,26.95,294.728,0.12,"3,900.11","4,325,310,000"
2022-06-28,3.6,28.36,294.728,0.1,"3,821.55","4,270,120,000"
2022-06-29,3.6,28.16,294.728,0.04,"3,818.83","4,211,240,000"
2022-06-30,3.6,28.71,294.728,0.06,"3,785.38","4,840,070,000"
2022-07-01,3.5,26.7,294.628,0.04,"3,825.33","4,046,950,000"
2022-07-04,3.5,27.53,294.628,.,"3,825.33","4,046,950,000"
2022-07-05,3.5,27.54,294.628,0,"3,831.39","5,076,590,000"
2022-07-06,3.5,26.73,294.628,-0.04,"3,845.08","4,417,720,000"
2022-07-07,3.5,26.08,294.628,-0.02,"3,902.62","4,057,770,000"
2022-07-08,3.5,24.64,294.628,-0.03,"3,899.38","3,521,620,000"
2022-07-11,3.5,26.17,294.628,-0.08,"3,854.43","3,423,480,000"
2022-07-12,3.5,27.29,294.628,-0.07,"3,818.80","3,817,210,000"
2022-07-13,3.5,26.82,294.628,-0.22,"3,801.78","4,109,390,000"
2022-07-14,3.5,26.4,294.628,-0.19,"3,790.38","4,199,690,000"
2022-07-15,3.5,24.23,294.628,-0.2,"3,863.16","4,143,800,000"
2022-07-18,3.5,25.3,294.628,-0.19,"3,830.85","4,046,870,000"
2022-07-19,3.5,24.5,294.628,-0.22,"3,936.69","4,041,070,000"
2022-07-20,3.5,23.88,294.628,-0.21,"3,959.90","4,185,300,000"
2022-07-21,3.5,23.11,294.628,-0.19,"3,998.95","4,132,790,000"
2022-07-22,3.5,23.03,294.628,-0.21,"3,961.63","3,979,240,000"
2022-07-25,3.5,23.36,294.628,-0.19,"3,966.84","3,568,340,000"
2022-07-26,3.5,24.69,294.628,-0.21,"3,921.05","3,778,950,000"
2022-07-27,3.5,23.24,294.628,-0.18,"4,023.61","4,112,180,000"
2022-07-28,3.5,22.33,294.628,-0.17,"4,072.43","4,413,000,000"
2022-07-29,3.5,21.33,294.628,-0.22,"4,130.29","4,616,360,000"
2022-08-01,3.7,22.84,295.32,-0.3,"4,118.63","4,202,810,000"
2022-08-02,3.7,23.93,295.32,-0.31,"4,091.19","4,727,710,000"
2022-08-03,3.7,21.95,295.32,-0.37,"4,155.17","4,351,760,000"
2022-08-04,3.7,21.44,295.32,-0.35,"4,151.94","4,283,320,000"
2022-08-05,3.7,21.15,295.32,-0.41,"4,145.19","4,085,940,000"
2022-08-08,3.7,21.29,295.32,-0.44,"4,140.06","4,221,090,000"
2022-08-09,3.7,21.77,295.32,-0.48,"4,122.47","3,913,090,000"
2022-08-10,3.7,19.74,295.32,-0.45,"4,210.24","4,546,010,000"
2022-08-11,3.7,20.2,295.32,-0.36,"4,207.27","4,630,200,000"
2022-08-12,3.7,19.53,295.32,-0.41,"4,280.15","3,788,010,000"
2022-08-15,3.7,19.95,295.32,-0.41,"4,297.14","3,696,830,000"
2022-08-16,3.7,19.69,295.32,-0.43,"4,305.20","4,329,820,000"
2022-08-17,3.7,19.9,295.32,-0.39,"4,274.04","3,885,030,000"
2022-08-18,3.7,19.56,295.32,-0.34,"4,283.74","3,340,330,000"
2022-08-19,3.7,20.6,295.32,-0.27,"4,228.48","3,761,340,000"
2022-08-22,3.7,23.8,295.32,-0.29,"4,137.99","3,907,430,000"
2022-08-23,3.7,24.11,295.32,-0.24,"4,128.73","3,823,520,000"
2022-08-24,3.7,22.82,295.32,-0.25,"4,140.77","3,583,630,000"
2022-08-25,3.7,21.78,295.32,-0.32,"4,199.12","3,566,870,000"
2022-08-26,3.7,25.56,295.32,-0.33,"4,057.66","3,832,750,000"
2022-08-29,3.7,26.21,295.32,-0.3,"4,030.61","3,396,510,000"
2022-08-30,3.7,26.21,295.32,-0.35,"3,986.16","3,835,860,000"
2022-08-31,3.7,25.87,295.32,-0.3,"3,955.00","4,542,490,000"
2022-09-01,3.5,25.56,296.539,-0.25,"3,966.85","4,152,250,000"
2022-09-02,3.5,25.47,296.539,-0.2,"3,924.26","3,665,850,000"
2022-09-05,3.5,25.99,296.539,.,"3,924.26","3,665,850,000"
2022-09-06,3.5,26.91,296.539,-0.17,"3,908.19","4,127,340,000"
2022-09-07,3.5,24.64,296.539,-0.18,"3,979.87","3,890,320,000"
2022-09-08,3.5,23.61,296.539,-0.19,"4,006.18","3,966,850,000"
2022-09-09,3.5,22.79,296.539,-0.23,"4,067.36","3,901,940,000"
2022-09-12,3.5,23.87,296.539,-0.21,"4,110.41","3,814,200,000"
2022-09-13,3.5,27.27,296.539,-0.33,"3,932.69","4,224,550,000"
2022-09-14,3.5,26.16,296.539,-0.37,"3,946.01","4,293,240,000"
2022-09-15,3.5,26.27,296.539,-0.42,"3,901.35","4,441,830,000"
2022-09-16,3.5,26.3,296.539,-0.4,"3,873.33","7,954,650,000"
2022-09-19,3.5,25.76,296.539,-0.46,"3,899.89","3,766,850,000"
2022-09-20,3.5,27.16,296.539,-0.39,"3,855.93","4,058,050,000"
2022-09-21,3.5,27.99,296.539,-0.51,"3,789.93","4,078,330,000"
2022-09-22,3.5,27.35,296.539,-0.41,"3,757.99","4,284,600,000"
2022-09-23,3.5,29.92,296.539,-0.51,"3,693.23","5,144,270,000"
2022-09-26,3.5,32.26,296.539,-0.39,"3,655.04","4,886,140,000"
2022-09-27,3.5,32.6,296.539,-0.33,"3,647.29","4,577,740,000"
2022-09-28,3.5,30.18,296.539,-0.35,"3,719.04","4,684,850,000"
2022-09-29,3.5,31.84,296.539,-0.4,"3,640.47","4,681,810,000"
2022-09-30,3.5,31.62,296.539,-0.39,"3,585.62","5,645,360,000"
2022-10-03,3.7,30.1,297.987,-0.45,"3,678.43","4,806,680,000"
2022-10-04,3.7,29.07,297.987,-0.48,"3,790.93","5,146,580,000"
2022-10-05,3.7,28.55,297.987,-0.39,"3,783.28","4,293,180,000"
2022-10-06,3.7,30.52,297.987,-0.4,"3,744.52","4,252,100,000"
2022-10-07,3.7,31.36,297.987,-0.41,"3,639.66","4,449,660,000"
2022-10-10,3.7,32.45,297.987,.,"3,612.39","3,834,320,000"
2022-10-11,3.7,33.63,297.987,-0.37,"3,588.84","4,759,030,000"
2022-10-12,3.7,33.57,297.987,-0.37,"3,577.03","4,006,830,000"
2022-10-13,3.7,31.94,297.987,-0.5,"3,669.91","5,021,680,000"
2022-10-14,3.7,32.02,297.987,-0.48,"3,583.07","4,243,030,000"
2022-10-17,3.7,31.37,297.987,-0.43,"3,677.95","4,352,780,000"
2022-10-18,3.7,30.5,297.987,-0.42,"3,719.98","4,483,740,000"
2022-10-19,3.7,30.76,297.987,-0.41,"3,695.16","4,223,800,000"
2022-10-20,3.7,29.98,297.987,-0.38,"3,665.78","4,496,620,000"
2022-10-21,3.7,29.69,297.987,-0.28,"3,752.75","5,078,020,000"
2022-10-24,3.7,29.85,297.987,-0.25,"3,797.34","4,747,930,000"
2022-10-25,3.7,28.46,297.987,-0.32,"3,859.11","4,843,120,000"
2022-10-27,3.7,27.39,297.987,-0.34,"3,807.30","4,687,320,000"
2022-10-28,3.7,25.75,297.987,-0.39,"3,901.06","4,459,410,000"
2022-10-31,3.7,25.88,297.987,-0.41,"3,871.98","4,820,620,000"
2022-11-01,3.6,25.81,298.598,-0.47,"3,856.10","4,481,210,000"
2022-11-02,3.6,25.86,298.598,-0.51,"3,759.69","4,899,000,000"
2022-11-03,3.6,25.3,298.598,-0.57,"3,719.89","4,625,290,000"
2022-11-04,3.6,24.55,298.598,-0.49,"3,770.55","5,400,180,000"
2022-11-07,3.6,24.35,298.598,-0.5,"3,806.80","4,341,620,000"
2022-11-08,3.6,25.54,298.598,-0.53,"3,828.11","4,607,640,000"
2022-11-09,3.6,26.09,298.598,-0.49,"3,748.57","4,645,010,000"
2022-11-10,3.6,23.53,298.598,-0.52,"3,956.37","5,781,260,000"
2022-11-11,3.6,22.52,298.598,.,"3,992.93","5,593,310,000"
2022-11-14,3.6,23.73,298.598,-0.52,"3,957.25","4,561,930,000"
2022-11-15,3.6,24.54,298.598,-0.57,"3,991.73","5,015,310,000"
2022-11-16,3.6,24.11,298.598,-0.68,"3,958.79","4,165,320,000"
2022-11-17,3.6,23.93,298.598,-0.66,"3,946.56","4,051,780,000"
2022-11-18,3.6,23.12,298.598,-0.69,"3,965.34","4,037,360,000"
2022-11-21,3.6,22.36,298.598,-0.65,"3,949.94","3,850,690,000"
2022-11-22,3.6,21.29,298.598,-0.71,"4,003.58","3,887,990,000"
2022-11-23,3.6,20.35,298.598,-0.75,"4,027.26","3,279,720,000"
2022-11-24,3.6,20.42,298.598,.,"4,027.26","3,279,720,000"
2022-11-25,3.6,20.5,298.598,-0.74,"4,026.12","1,706,460,000"
2022-11-28,3.6,22.21,298.598,-0.77,"3,963.94","3,615,430,000"
2022-11-29,3.6,21.89,298.598,-0.73,"3,957.63","3,546,040,000"
2022-11-30,3.6,20.58,298.598,-0.7,"4,080.11","6,579,360,000"
2022-12-01,3.5,19.84,298.99,-0.72,"4,076.57","4,527,130,000"
2022-12-02,3.5,19.06,298.99,-0.77,"4,071.70","4,012,620,000"
2022-12-05,3.5,20.75,298.99,-0.81,"3,998.84","4,280,820,000"
2022-12-06,3.5,22.17,298.99,-0.83,"3,941.26","4,368,380,000"
2022-12-07,3.5,22.68,298.99,-0.84,"3,933.92","4,118,050,000"
2022-12-08,3.5,22.29,298.99,-0.83,"3,963.51","4,006,900,000"
2022-12-09,3.5,22.83,298.99,-0.76,"3,934.38","3,888,260,000"
2022-12-12,3.5,25,298.99,-0.78,"3,990.56","3,904,130,000"
2022-12-13,3.5,22.55,298.99,-0.71,"4,019.65","5,079,360,000"
2022-12-14,3.5,21.14,298.99,-0.74,"3,995.32","4,472,340,000"
2022-12-15,3.5,22.83,298.99,-0.79,"3,895.75","4,493,900,000"
2022-12-16,3.5,22.62,298.99,-0.69,"3,852.36","7,493,660,000"
2022-12-19,3.5,22.42,298.99,-0.68,"3,817.66","3,969,610,000"
2022-12-20,3.5,21.48,298.99,-0.56,"3,821.62","3,985,370,000"
2022-12-21,3.5,20.07,298.99,-0.53,"3,878.44","3,775,200,000"
2022-12-22,3.5,21.97,298.99,-0.57,"3,822.39","3,956,950,000"
2022-12-23,3.5,20.87,298.99,-0.56,"3,844.82","2,819,280,000"
2022-12-27,3.5,21.65,298.99,-0.48,"3,829.25","3,030,300,000"
2022-12-28,3.5,22.14,298.99,-0.43,"3,783.22","3,083,520,000"
2022-12-29,3.5,21.44,298.99,-0.51,"3,849.28","3,003,680,000"
2022-12-30,3.5,21.67,298.99,-0.53,"3,839.50","2,979,870,000"
2023-01-02,3.4,.,300.536,.,"3,839.50","2,979,870,000"
2023-01-03,3.4,22.9,300.536,-0.61,"3,824.14","3,959,140,000"
2023-01-04,3.4,22.01,300.536,-0.67,"3,852.97","4,414,080,000"
2023-01-05,3.4,22.46,300.536,-0.74,"3,808.10","3,893,450,000"
2023-01-06,3.4,21.13,300.536,-0.69,"3,895.08","3,923,560,000"
2023-01-09,3.4,21.97,300.536,-0.66,"3,892.09","4,311,770,000"
2023-01-10,3.4,20.58,300.536,-0.63,"3,919.25","3,851,030,000"
2023-01-11,3.4,21.09,300.536,-0.66,"3,969.61","4,303,360,000"
2023-01-12,3.4,18.83,300.536,-0.69,"3,983.17","4,440,260,000"
2023-01-13,3.4,18.35,300.536,-0.73,"3,999.09","3,939,700,000"
2023-01-16,3.4,19.49,300.536,.,"3,999.09","3,939,700,000"
2023-01-17,3.4,19.36,300.536,-0.65,"3,990.97","4,235,560,000"
2023-01-18,3.4,20.34,300.536,-0.69,"3,928.86","4,298,710,000"
2023-01-19,3.4,20.52,300.536,-0.7,"3,898.85","3,991,500,000"
2023-01-20,3.4,19.85,300.536,-0.66,"3,972.61","4,013,360,000"
2023-01-23,3.4,19.81,300.536,-0.69,"4,019.81","3,945,210,000"
2023-01-24,3.4,19.2,300.536,-0.66,"4,016.95","3,320,430,000"
2023-01-25,3.4,19.08,300.536,-0.65,"4,016.22","3,724,020,000"
2023-01-26,3.4,18.73,300.536,-0.68,"4,060.43","3,809,590,000"
2023-01-27,3.4,18.51,300.536,-0.67,"4,070.56","3,907,760,000"
2023-01-30,3.4,19.94,300.536,-0.7,"4,017.77","3,802,000,000"
2023-01-31,3.4,19.4,300.536,-0.69,"4,076.60","4,679,320,000"
2023-02-01,3.6,17.87,301.64799999999997,-0.7,"4,119.21","4,856,930,000"
2023-02-02,3.6,18.73,301.64799999999997,-0.69,"4,179.76","5,624,360,000"
2023-02-03,3.6,18.33,301.64799999999997,-0.77,"4,136.48","4,694,510,000"
2023-02-06,3.6,19.43,301.64799999999997,-0.81,"4,111.08","4,114,240,000"
2023-02-07,3.6,18.66,301.64799999999997,-0.8,"4,164.00","4,355,860,000"
2023-02-08,3.6,19.63,301.64799999999997,-0.82,"4,117.86","4,029,820,000"
2023-02-09,3.6,20.71,301.64799999999997,-0.81,"4,081.50","4,270,200,000"
2023-02-10,3.6,20.53,301.64799999999997,-0.76,"4,090.46","3,891,520,000"
2023-02-13,3.6,20.34,301.64799999999997,-0.8,"4,137.29","3,448,620,000"
2023-02-14,3.6,18.91,301.64799999999997,-0.83,"4,136.13","3,929,200,000"
2023-02-15,3.6,18.23,301.64799999999997,-0.81,"4,147.60","4,075,980,000"
2023-02-16,3.6,20.17,301.64799999999997,-0.76,"4,090.41","4,143,660,000"
2023-02-17,3.6,20.02,301.64799999999997,-0.78,"4,079.09","4,045,480,000"
2023-02-20,3.6,21.23,301.64799999999997,.,"4,079.09","4,045,480,000"
2023-02-21,3.6,22.87,301.64799999999997,-0.72,"3,997.34","4,121,590,000"
2023-02-22,3.6,22.29,301.64799999999997,-0.73,"3,991.05","4,079,320,000"
2023-02-23,3.6,21.14,301.64799999999997,-0.78,"4,012.32","3,952,940,000"
2023-02-24,3.6,21.67,301.64799999999997,-0.83,"3,970.04","3,877,700,000"
2023-02-27,3.6,20.95,301.64799999999997,-0.86,"3,982.24","3,836,950,000"
2023-02-28,3.6,20.7,301.64799999999997,-0.89,"3,970.15","5,043,400,000"
2023-03-01,3.5,20.58,301.808,-0.88,"3,951.39","4,249,480,000"
2023-03-02,3.5,19.59,301.808,-0.81,"3,981.35","4,244,900,000"
2023-03-03,3.5,18.49,301.808,-0.89,"4,045.64","4,084,730,000"
2023-03-06,3.5,18.61,301.808,-0.91,"4,048.42","4,000,870,000"
2023-03-07,3.5,19.59,301.808,-1.03,"3,986.37","3,922,500,000"
2023-03-08,3.5,19.11,301.808,-1.07,"3,992.01","3,535,570,000"
2023-03-09,3.5,22.61,301.808,-0.97,"3,918.32","4,445,260,000"
2023-03-10,3.5,24.8,301.808,-0.9,"3,861.59","5,518,190,000"
2023-03-13,3.5,26.52,301.808,-0.48,"3,855.76","6,558,020,000"
2023-03-14,3.5,23.73,301.808,-0.56,"3,919.29","5,665,870,000"
2023-03-15,3.5,26.14,301.808,-0.42,"3,891.93","6,594,010,000"
2023-03-16,3.5,22.99,301.808,-0.58,"3,960.28","5,695,790,000"
2023-03-17,3.5,25.51,301.808,-0.42,"3,916.64","9,354,280,000"
2023-03-20,3.5,24.15,301.808,-0.45,"3,951.57","5,347,140,000"
2023-03-21,3.5,21.38,301.808,-0.58,"4,002.87","4,920,240,000"
2023-03-22,3.5,22.26,301.808,-0.48,"3,936.97","4,533,010,000"
2023-03-23,3.5,22.61,301.808,-0.38,"3,948.72","4,991,600,000"
2023-03-24,3.5,21.74,301.808,-0.38,"3,970.99","4,583,970,000"
2023-03-27,3.5,20.6,301.808,-0.41,"3,977.53","4,233,540,000"
2023-03-28,3.5,19.97,301.808,-0.47,"3,971.27","4,014,600,000"
2023-03-29,3.5,19.12,301.808,-0.51,"4,027.81","4,145,250,000"
2023-03-30,3.5,19.02,301.808,-0.55,"4,050.83","3,930,860,000"
2023-03-31,3.5,18.7,301.808,-0.58,"4,109.31","4,525,120,000"
2023-04-03,3.4,18.55,302.918,-0.54,"4,124.51","4,234,700,000"
2023-04-04,3.4,19,302.918,-0.49,"4,100.60","4,227,800,000"
2023-04-05,3.4,19.08,302.918,-0.49,"4,090.38","3,968,020,000"
2023-04-06,3.4,18.4,302.918,-0.52,"4,105.02","3,486,690,000"
2023-04-11,3.4,19.1,302.918,-0.6,"4,108.94","3,665,830,000"
2023-04-12,3.4,19.09,302.918,-0.54,"4,091.95","3,633,120,000"
2023-04-13,3.4,17.8,302.918,-0.51,"4,146.22","3,596,590,000"
2023-04-14,3.4,17.07,302.918,-0.56,"4,137.64","3,575,690,000"
2023-04-17,3.4,16.95,302.918,-0.58,"4,151.32","3,611,180,000"
2023-04-18,3.4,16.83,302.918,-0.61,"4,154.87","3,536,640,000"
2023-04-19,3.4,16.46,302.918,-0.64,"4,154.52","3,572,560,000"
2023-04-20,3.4,17.17,302.918,-0.6,"4,129.79","3,772,080,000"
2023-04-21,3.4,16.77,302.918,-0.6,"4,133.52","3,611,750,000"
2023-04-24,3.4,16.89,302.918,-0.6,"4,137.04","3,290,940,000"
2023-04-25,3.4,18.76,302.918,-0.46,"4,071.63","3,978,640,000"
2023-04-26,3.4,18.84,302.918,-0.47,"4,055.99","3,837,030,000"
2023-04-27,3.4,17.03,302.918,-0.54,"4,135.35","3,750,550,000"
2023-04-28,3.4,15.78,302.918,-0.6,"4,169.48","4,087,800,000"
2023-05-02,3.7,17.78,303.29400000000004,-0.53,"4,119.58","4,486,130,000"
2023-05-03,3.7,18.34,303.29400000000004,-0.51,"4,090.75","4,246,510,000"
2023-05-04,3.7,20.09,303.29400000000004,-0.38,"4,061.22","4,920,090,000"
2023-05-05,3.7,17.19,303.29400000000004,-0.48,"4,136.25","4,186,270,000"
2023-05-08,3.7,16.98,303.29400000000004,-0.48,"4,138.12","3,641,640,000"
2023-05-09,3.7,17.71,303.29400000000004,-0.48,"4,119.17","3,810,140,000"
2023-05-10,3.7,16.94,303.29400000000004,-0.47,"4,137.64","4,057,160,000"
2023-05-11,3.7,16.93,303.29400000000004,-0.5,"4,130.62","3,752,900,000"
2023-05-12,3.7,17.03,303.29400000000004,-0.52,"4,124.08","3,533,740,000"
2023-05-15,3.7,17.12,303.29400000000004,-0.49,"4,136.28","3,562,170,000"
2023-05-16,3.7,17.99,303.29400000000004,-0.52,"4,109.90","3,654,200,000"
2023-05-17,3.7,16.87,303.29400000000004,-0.55,"4,158.77","4,039,080,000"
2023-05-18,3.7,16.05,303.29400000000004,-0.59,"4,198.05","3,980,500,000"
2023-05-19,3.7,16.81,303.29400000000004,-0.58,"4,191.98","4,041,900,000"
2023-05-22,3.7,17.21,303.29400000000004,-0.57,"4,192.63","3,728,520,000"
2023-05-23,3.7,18.53,303.29400000000004,-0.56,"4,145.58","4,155,320,000"
2023-05-24,3.7,20.03,303.29400000000004,-0.58,"4,115.24","3,739,160,000"
2023-05-25,3.7,19.14,303.29400000000004,-0.67,"4,151.28","4,147,760,000"
2023-05-26,3.7,17.95,303.29400000000004,-0.74,"4,205.45","3,715,460,000"
2023-05-29,3.7,17.46,303.29400000000004,.,"4,205.45","3,715,460,000"
2023-05-30,3.7,17.46,303.29400000000004,-0.77,"4,205.52","4,228,510,000"
2023-05-31,3.7,17.94,303.29400000000004,-0.76,"4,179.83","5,980,670,000"
