Date,CPI GT,S&P 500 GT,VIX GT,Unemployment Rate GT,Interest Rate GT
2020-06-03,8.0,31.0,23.0,54.0,29.0
2020-06-04,8.0,31.0,23.0,54.0,29.0
2020-06-05,8.0,31.0,23.0,54.0,29.0
2020-06-08,16.0,37.0,39.0,54.0,32.0
2020-06-09,16.0,37.0,39.0,54.0,32.0
2020-06-10,16.0,37.0,39.0,54.0,32.0
2020-06-11,16.0,37.0,39.0,54.0,32.0
2020-06-12,16.0,37.0,39.0,54.0,32.0
2020-06-15,9.0,32.0,34.0,51.0,31.0
2020-06-16,9.0,32.0,34.0,51.0,31.0
2020-06-17,9.0,32.0,34.0,51.0,31.0
2020-06-18,9.0,32.0,34.0,51.0,31.0
2020-06-19,9.0,32.0,34.0,51.0,31.0
2020-06-22,9.0,35.0,28.0,53.0,33.0
2020-06-23,9.0,35.0,28.0,53.0,33.0
2020-06-24,9.0,35.0,28.0,53.0,33.0
2020-06-25,9.0,35.0,28.0,53.0,33.0
2020-06-26,9.0,35.0,28.0,53.0,33.0
2020-06-29,8.0,27.0,20.0,54.0,29.0
2020-06-30,8.0,27.0,20.0,54.0,29.0
2020-07-01,8.0,27.0,20.0,54.0,29.0
2020-07-02,8.0,27.0,20.0,54.0,29.0
2020-07-03,8.0,27.0,20.0,54.0,29.0
2020-07-06,10.0,28.0,25.0,54.0,31.0
2020-07-07,10.0,28.0,25.0,54.0,31.0
2020-07-08,10.0,28.0,25.0,54.0,31.0
2020-07-09,10.0,28.0,25.0,54.0,31.0
2020-07-10,10.0,28.0,25.0,54.0,31.0
2020-07-13,9.0,30.0,27.0,51.0,31.0
2020-07-14,9.0,30.0,27.0,51.0,31.0
2020-07-15,9.0,30.0,27.0,51.0,31.0
2020-07-16,9.0,30.0,27.0,51.0,31.0
2020-07-17,9.0,30.0,27.0,51.0,31.0
2020-07-20,9.0,27.0,26.0,56.0,31.0
2020-07-21,9.0,27.0,26.0,56.0,31.0
2020-07-22,9.0,27.0,26.0,56.0,31.0
2020-07-23,9.0,27.0,26.0,56.0,31.0
2020-07-24,9.0,27.0,26.0,56.0,31.0
2020-07-27,10.0,28.0,21.0,57.0,27.0
2020-07-28,10.0,28.0,21.0,57.0,27.0
2020-07-29,10.0,28.0,21.0,57.0,27.0
2020-07-30,10.0,28.0,21.0,57.0,27.0
2020-07-31,10.0,28.0,21.0,57.0,27.0
2020-08-03,8.0,25.0,17.0,54.0,30.0
2020-08-04,8.0,25.0,17.0,54.0,30.0
2020-08-05,8.0,25.0,17.0,54.0,30.0
2020-08-06,8.0,25.0,17.0,54.0,30.0
2020-08-07,8.0,25.0,17.0,54.0,30.0
2020-08-10,11.0,28.0,18.0,49.0,28.0
2020-08-11,11.0,28.0,18.0,49.0,28.0
2020-08-12,11.0,28.0,18.0,49.0,28.0
2020-08-13,11.0,28.0,18.0,49.0,28.0
2020-08-14,11.0,28.0,18.0,49.0,28.0
2020-08-17,10.0,24.0,18.0,47.0,28.0
2020-08-18,10.0,24.0,18.0,47.0,28.0
2020-08-19,10.0,24.0,18.0,47.0,28.0
2020-08-20,10.0,24.0,18.0,47.0,28.0
2020-08-21,10.0,24.0,18.0,47.0,28.0
2020-08-24,10.0,26.0,20.0,45.0,27.0
2020-08-25,10.0,26.0,20.0,45.0,27.0
2020-08-26,10.0,26.0,20.0,45.0,27.0
2020-08-27,10.0,26.0,20.0,45.0,27.0
2020-08-28,10.0,26.0,20.0,45.0,27.0
2020-08-31,10.0,31.0,42.0,42.0,29.0
2020-09-01,10.0,31.0,42.0,42.0,29.0
2020-09-02,10.0,31.0,42.0,42.0,29.0
2020-09-03,10.0,31.0,42.0,42.0,29.0
2020-09-04,10.0,31.0,42.0,42.0,29.0
2020-09-07,10.0,26.0,31.0,44.0,29.0
2020-09-08,10.0,26.0,31.0,44.0,29.0
2020-09-09,10.0,26.0,31.0,44.0,29.0
2020-09-10,10.0,26.0,31.0,44.0,29.0
2020-09-11,10.0,26.0,31.0,44.0,29.0
2020-09-14,13.0,25.0,23.0,40.0,33.0
2020-09-15,13.0,25.0,23.0,40.0,33.0
2020-09-16,13.0,25.0,23.0,40.0,33.0
2020-09-17,13.0,25.0,23.0,40.0,33.0
2020-09-18,13.0,25.0,23.0,40.0,33.0
2020-09-21,13.0,25.0,23.0,38.0,35.0
2020-09-22,13.0,25.0,23.0,38.0,35.0
2020-09-23,13.0,25.0,23.0,38.0,35.0
2020-09-24,13.0,25.0,23.0,38.0,35.0
2020-09-25,13.0,25.0,23.0,38.0,35.0
2020-09-28,12.0,25.0,20.0,35.0,33.0
2020-09-29,12.0,25.0,20.0,35.0,33.0
2020-09-30,12.0,25.0,20.0,35.0,33.0
2020-10-01,12.0,25.0,20.0,35.0,33.0
2020-10-02,12.0,25.0,20.0,35.0,33.0
2020-10-05,13.0,22.0,17.0,33.0,32.0
2020-10-06,13.0,22.0,17.0,33.0,32.0
2020-10-07,13.0,22.0,17.0,33.0,32.0
2020-10-08,13.0,22.0,17.0,33.0,32.0
2020-10-09,13.0,22.0,17.0,33.0,32.0
2020-10-12,14.0,24.0,17.0,33.0,33.0
2020-10-13,14.0,24.0,17.0,33.0,33.0
2020-10-14,14.0,24.0,17.0,33.0,33.0
2020-10-15,14.0,24.0,17.0,33.0,33.0
2020-10-16,14.0,24.0,17.0,33.0,33.0
2020-10-19,13.0,24.0,17.0,32.0,35.0
2020-10-20,13.0,24.0,17.0,32.0,35.0
2020-10-21,13.0,24.0,17.0,32.0,35.0
2020-10-22,13.0,24.0,17.0,32.0,35.0
2020-10-23,13.0,24.0,17.0,32.0,35.0
2020-10-27,12.0,28.0,32.0,27.0,30.0
2020-10-28,12.0,28.0,32.0,27.0,30.0
2020-10-29,12.0,28.0,32.0,27.0,30.0
2020-10-30,12.0,28.0,32.0,27.0,30.0
2020-11-02,9.0,23.0,24.0,23.0,27.0
2020-11-03,9.0,23.0,24.0,23.0,27.0
2020-11-04,9.0,23.0,24.0,23.0,27.0
2020-11-05,9.0,23.0,24.0,23.0,27.0
2020-11-06,9.0,23.0,24.0,23.0,27.0
2020-11-09,9.0,28.0,20.0,27.0,32.0
2020-11-10,9.0,28.0,20.0,27.0,32.0
2020-11-11,9.0,28.0,20.0,27.0,32.0
2020-11-12,9.0,28.0,20.0,27.0,32.0
2020-11-13,9.0,28.0,20.0,27.0,32.0
2020-11-16,10.0,31.0,19.0,28.0,34.0
2020-11-17,10.0,31.0,19.0,28.0,34.0
2020-11-18,10.0,31.0,19.0,28.0,34.0
2020-11-19,10.0,31.0,19.0,28.0,34.0
2020-11-20,10.0,31.0,19.0,28.0,34.0
2020-11-23,7.0,22.0,15.0,25.0,24.0
2020-11-24,7.0,22.0,15.0,25.0,24.0
2020-11-25,7.0,22.0,15.0,25.0,24.0
2020-11-26,7.0,22.0,15.0,25.0,24.0
2020-11-27,7.0,22.0,15.0,25.0,24.0
2020-11-30,9.0,25.0,18.0,29.0,30.0
2020-12-01,9.0,25.0,18.0,29.0,30.0
2020-12-02,9.0,25.0,18.0,29.0,30.0
2020-12-03,9.0,25.0,18.0,29.0,30.0
2020-12-04,9.0,25.0,18.0,29.0,30.0
2020-12-07,11.0,22.0,19.0,29.0,32.0
2020-12-08,11.0,22.0,19.0,29.0,32.0
2020-12-09,11.0,22.0,19.0,29.0,32.0
2020-12-10,11.0,22.0,19.0,29.0,32.0
2020-12-11,11.0,22.0,19.0,29.0,32.0
2020-12-14,9.0,25.0,16.0,29.0,27.0
2020-12-15,9.0,25.0,16.0,29.0,27.0
2020-12-16,9.0,25.0,16.0,29.0,27.0
2020-12-17,9.0,25.0,16.0,29.0,27.0
2020-12-18,9.0,25.0,16.0,29.0,27.0
2020-12-21,5.0,22.0,17.0,35.0,18.0
2020-12-22,5.0,22.0,17.0,35.0,18.0
2020-12-23,5.0,22.0,17.0,35.0,18.0
2020-12-28,6.0,22.0,14.0,44.0,21.0
2020-12-29,6.0,22.0,14.0,44.0,21.0
2020-12-30,6.0,22.0,14.0,44.0,21.0
2021-01-04,8.0,28.0,20.0,47.0,24.0
2021-01-05,8.0,28.0,20.0,47.0,24.0
2021-01-06,8.0,28.0,20.0,47.0,24.0
2021-01-07,8.0,28.0,20.0,47.0,24.0
2021-01-08,8.0,28.0,20.0,47.0,24.0
2021-01-11,11.0,25.0,18.0,38.0,27.0
2021-01-12,11.0,25.0,18.0,38.0,27.0
2021-01-13,11.0,25.0,18.0,38.0,27.0
2021-01-14,11.0,25.0,18.0,38.0,27.0
2021-01-15,11.0,25.0,18.0,38.0,27.0
2021-01-18,10.0,23.0,14.0,43.0,31.0
2021-01-19,10.0,23.0,14.0,43.0,31.0
2021-01-20,10.0,23.0,14.0,43.0,31.0
2021-01-21,10.0,23.0,14.0,43.0,31.0
2021-01-22,10.0,23.0,14.0,43.0,31.0
2021-01-25,11.0,31.0,39.0,42.0,30.0
2021-01-26,11.0,31.0,39.0,42.0,30.0
2021-01-27,11.0,31.0,39.0,42.0,30.0
2021-01-28,11.0,31.0,39.0,42.0,30.0
2021-01-29,11.0,31.0,39.0,42.0,30.0
2021-02-01,11.0,30.0,29.0,40.0,33.0
2021-02-02,11.0,30.0,29.0,40.0,33.0
2021-02-03,11.0,30.0,29.0,40.0,33.0
2021-02-04,11.0,30.0,29.0,40.0,33.0
2021-02-05,11.0,30.0,29.0,40.0,33.0
2021-02-08,12.0,27.0,23.0,34.0,32.0
2021-02-09,12.0,27.0,23.0,34.0,32.0
2021-02-10,12.0,27.0,23.0,34.0,32.0
2021-02-11,12.0,27.0,23.0,34.0,32.0
2021-02-12,12.0,27.0,23.0,34.0,32.0
2021-02-15,11.0,23.0,26.0,33.0,31.0
2021-02-16,11.0,23.0,26.0,33.0,31.0
2021-02-17,11.0,23.0,26.0,33.0,31.0
2021-02-18,11.0,23.0,26.0,33.0,31.0
2021-02-19,11.0,23.0,26.0,33.0,31.0
2021-02-22,13.0,28.0,33.0,32.0,36.0
2021-02-23,13.0,28.0,33.0,32.0,36.0
2021-02-24,13.0,28.0,33.0,32.0,36.0
2021-02-25,13.0,28.0,33.0,32.0,36.0
2021-02-26,13.0,28.0,33.0,32.0,36.0
2021-03-01,13.0,31.0,27.0,31.0,39.0
2021-03-02,13.0,31.0,27.0,31.0,39.0
2021-03-03,13.0,31.0,27.0,31.0,39.0
2021-03-04,13.0,31.0,27.0,31.0,39.0
2021-03-05,13.0,31.0,27.0,31.0,39.0
2021-03-08,14.0,31.0,21.0,35.0,35.0
2021-03-09,14.0,31.0,21.0,35.0,35.0
2021-03-10,14.0,31.0,21.0,35.0,35.0
2021-03-11,14.0,31.0,21.0,35.0,35.0
2021-03-12,14.0,31.0,21.0,35.0,35.0
2021-03-15,11.0,33.0,23.0,33.0,36.0
2021-03-16,11.0,33.0,23.0,33.0,36.0
2021-03-17,11.0,33.0,23.0,33.0,36.0
2021-03-18,11.0,33.0,23.0,33.0,36.0
2021-03-19,11.0,33.0,23.0,33.0,36.0
2021-03-22,10.0,27.0,20.0,33.0,31.0
2021-03-23,10.0,27.0,20.0,33.0,31.0
2021-03-24,10.0,27.0,20.0,33.0,31.0
2021-03-25,10.0,27.0,20.0,33.0,31.0
2021-03-26,10.0,27.0,20.0,33.0,31.0
2021-03-29,11.0,24.0,16.0,31.0,30.0
2021-03-30,11.0,24.0,16.0,31.0,30.0
2021-03-31,11.0,24.0,16.0,31.0,30.0
2021-04-01,11.0,24.0,16.0,31.0,30.0
2021-04-06,11.0,29.0,21.0,30.0,32.0
2021-04-07,11.0,29.0,21.0,30.0,32.0
2021-04-08,11.0,29.0,21.0,30.0,32.0
2021-04-09,11.0,29.0,21.0,30.0,32.0
2021-04-12,15.0,27.0,17.0,28.0,34.0
2021-04-13,15.0,27.0,17.0,28.0,34.0
2021-04-14,15.0,27.0,17.0,28.0,34.0
2021-04-15,15.0,27.0,17.0,28.0,34.0
2021-04-16,15.0,27.0,17.0,28.0,34.0
2021-04-19,10.0,25.0,20.0,28.0,33.0
2021-04-20,10.0,25.0,20.0,28.0,33.0
2021-04-21,10.0,25.0,20.0,28.0,33.0
2021-04-22,10.0,25.0,20.0,28.0,33.0
2021-04-23,10.0,25.0,20.0,28.0,33.0
2021-04-26,11.0,25.0,14.0,28.0,32.0
2021-04-27,11.0,25.0,14.0,28.0,32.0
2021-04-28,11.0,25.0,14.0,28.0,32.0
2021-04-29,11.0,25.0,14.0,28.0,32.0
2021-04-30,11.0,25.0,14.0,28.0,32.0
2021-05-03,11.0,27.0,18.0,29.0,37.0
2021-05-04,11.0,27.0,18.0,29.0,37.0
2021-05-05,11.0,27.0,18.0,29.0,37.0
2021-05-06,11.0,27.0,18.0,29.0,37.0
2021-05-07,11.0,27.0,18.0,29.0,37.0
2021-05-10,29.0,28.0,33.0,30.0,31.0
2021-05-11,29.0,28.0,33.0,30.0,31.0
2021-05-12,29.0,28.0,33.0,30.0,31.0
2021-05-13,29.0,28.0,33.0,30.0,31.0
2021-05-14,29.0,28.0,33.0,30.0,31.0
2021-05-17,11.0,24.0,29.0,29.0,30.0
2021-05-18,11.0,24.0,29.0,29.0,30.0
2021-05-19,11.0,24.0,29.0,29.0,30.0
2021-05-20,11.0,24.0,29.0,29.0,30.0
2021-05-21,11.0,24.0,29.0,29.0,30.0
2021-05-25,11.0,24.0,20.0,26.0,25.0
2021-05-26,11.0,24.0,20.0,26.0,25.0
2021-05-27,11.0,24.0,20.0,26.0,25.0
2021-05-28,11.0,24.0,20.0,26.0,25.0
2021-05-31,10.0,21.0,17.0,26.0,24.0
2021-06-01,10.0,21.0,17.0,26.0,24.0
2021-06-02,10.0,21.0,17.0,26.0,24.0
2021-06-03,10.0,21.0,17.0,26.0,24.0
2021-06-04,10.0,21.0,17.0,26.0,24.0
2021-06-07,27.0,24.0,17.0,27.0,25.0
2021-06-08,27.0,24.0,17.0,27.0,25.0
2021-06-09,27.0,24.0,17.0,27.0,25.0
2021-06-10,27.0,24.0,17.0,27.0,25.0
2021-06-11,27.0,24.0,17.0,27.0,25.0
2021-06-14,12.0,24.0,23.0,24.0,26.0
2021-06-15,12.0,24.0,23.0,24.0,26.0
2021-06-16,12.0,24.0,23.0,24.0,26.0
2021-06-17,12.0,24.0,23.0,24.0,26.0
2021-06-18,12.0,24.0,23.0,24.0,26.0
2021-06-21,10.0,23.0,17.0,24.0,23.0
2021-06-22,10.0,23.0,17.0,24.0,23.0
2021-06-23,10.0,23.0,17.0,24.0,23.0
2021-06-24,10.0,23.0,17.0,24.0,23.0
2021-06-25,10.0,23.0,17.0,24.0,23.0
2021-06-28,10.0,24.0,16.0,22.0,23.0
2021-06-29,10.0,24.0,16.0,22.0,23.0
2021-06-30,10.0,24.0,16.0,22.0,23.0
2021-07-01,10.0,24.0,16.0,22.0,23.0
2021-07-02,10.0,24.0,16.0,22.0,23.0
2021-07-05,10.0,22.0,21.0,24.0,22.0
2021-07-06,10.0,22.0,21.0,24.0,22.0
2021-07-07,10.0,22.0,21.0,24.0,22.0
2021-07-08,10.0,22.0,21.0,24.0,22.0
2021-07-09,10.0,22.0,21.0,24.0,22.0
2021-07-12,21.0,26.0,19.0,23.0,25.0
2021-07-13,21.0,26.0,19.0,23.0,25.0
2021-07-14,21.0,26.0,19.0,23.0,25.0
2021-07-15,21.0,26.0,19.0,23.0,25.0
2021-07-16,21.0,26.0,19.0,23.0,25.0
2021-07-19,11.0,24.0,26.0,21.0,24.0
2021-07-20,11.0,24.0,26.0,21.0,24.0
2021-07-21,11.0,24.0,26.0,21.0,24.0
2021-07-22,11.0,24.0,26.0,21.0,24.0
2021-07-23,11.0,24.0,26.0,21.0,24.0
2021-07-26,10.0,24.0,18.0,21.0,24.0
2021-07-27,10.0,24.0,18.0,21.0,24.0
2021-07-28,10.0,24.0,18.0,21.0,24.0
2021-07-29,10.0,24.0,18.0,21.0,24.0
2021-07-30,10.0,24.0,18.0,21.0,24.0
2021-08-02,10.0,22.0,14.0,21.0,22.0
2021-08-03,10.0,22.0,14.0,21.0,22.0
2021-08-04,10.0,22.0,14.0,21.0,22.0
2021-08-05,10.0,22.0,14.0,21.0,22.0
2021-08-06,10.0,22.0,14.0,21.0,22.0
2021-08-09,17.0,24.0,16.0,21.0,23.0
2021-08-10,17.0,24.0,16.0,21.0,23.0
2021-08-11,17.0,24.0,16.0,21.0,23.0
2021-08-12,17.0,24.0,16.0,21.0,23.0
2021-08-13,17.0,24.0,16.0,21.0,23.0
2021-08-16,10.0,25.0,25.0,18.0,21.0
2021-08-17,10.0,25.0,25.0,18.0,21.0
2021-08-18,10.0,25.0,25.0,18.0,21.0
2021-08-19,10.0,25.0,25.0,18.0,21.0
2021-08-20,10.0,25.0,25.0,18.0,21.0
2021-08-23,11.0,27.0,17.0,18.0,22.0
2021-08-24,11.0,27.0,17.0,18.0,22.0
2021-08-25,11.0,27.0,17.0,18.0,22.0
2021-08-26,11.0,27.0,17.0,18.0,22.0
2021-08-27,11.0,27.0,17.0,18.0,22.0
2021-08-30,10.0,25.0,14.0,20.0,24.0
2021-08-31,10.0,25.0,14.0,20.0,24.0
2021-09-01,10.0,25.0,14.0,20.0,24.0
2021-09-02,10.0,25.0,14.0,20.0,24.0
2021-09-03,10.0,25.0,14.0,20.0,24.0
2021-09-06,11.0,19.0,15.0,20.0,25.0
2021-09-07,11.0,19.0,15.0,20.0,25.0
2021-09-08,11.0,19.0,15.0,20.0,25.0
2021-09-09,11.0,19.0,15.0,20.0,25.0
2021-09-10,11.0,19.0,15.0,20.0,25.0
2021-09-13,21.0,22.0,16.0,15.0,28.0
2021-09-14,21.0,22.0,16.0,15.0,28.0
2021-09-15,21.0,22.0,16.0,15.0,28.0
2021-09-16,21.0,22.0,16.0,15.0,28.0
2021-09-17,21.0,22.0,16.0,15.0,28.0
2021-09-20,13.0,25.0,30.0,12.0,30.0
2021-09-21,13.0,25.0,30.0,12.0,30.0
2021-09-22,13.0,25.0,30.0,12.0,30.0
2021-09-23,13.0,25.0,30.0,12.0,30.0
2021-09-24,13.0,25.0,30.0,12.0,30.0
2021-09-27,14.0,25.0,19.0,11.0,29.0
2021-09-28,14.0,25.0,19.0,11.0,29.0
2021-09-29,14.0,25.0,19.0,11.0,29.0
2021-09-30,14.0,25.0,19.0,11.0,29.0
2021-10-01,14.0,25.0,19.0,11.0,29.0
2021-10-04,14.0,26.0,18.0,10.0,31.0
2021-10-05,14.0,26.0,18.0,10.0,31.0
2021-10-06,14.0,26.0,18.0,10.0,31.0
2021-10-07,14.0,26.0,18.0,10.0,31.0
2021-10-08,14.0,26.0,18.0,10.0,31.0
2021-10-11,22.0,24.0,16.0,9.0,29.0
2021-10-12,22.0,24.0,16.0,9.0,29.0
2021-10-13,22.0,24.0,16.0,9.0,29.0
2021-10-14,22.0,24.0,16.0,9.0,29.0
2021-10-15,22.0,24.0,16.0,9.0,29.0
2021-10-18,15.0,24.0,15.0,8.0,27.0
2021-10-19,15.0,24.0,15.0,8.0,27.0
2021-10-20,15.0,24.0,15.0,8.0,27.0
2021-10-21,15.0,24.0,15.0,8.0,27.0
2021-10-22,15.0,24.0,15.0,8.0,27.0
2021-10-25,14.0,25.0,14.0,7.0,30.0
2021-10-27,14.0,25.0,14.0,7.0,30.0
2021-10-28,14.0,25.0,14.0,7.0,30.0
2021-10-29,14.0,25.0,14.0,7.0,30.0
2021-11-01,13.0,27.0,13.0,8.0,32.0
2021-11-02,13.0,27.0,13.0,8.0,32.0
2021-11-03,13.0,27.0,13.0,8.0,32.0
2021-11-04,13.0,27.0,13.0,8.0,32.0
2021-11-05,13.0,27.0,13.0,8.0,32.0
2021-11-08,25.0,23.0,16.0,7.0,33.0
2021-11-09,25.0,23.0,16.0,7.0,33.0
2021-11-10,25.0,23.0,16.0,7.0,33.0
2021-11-11,25.0,23.0,16.0,7.0,33.0
2021-11-12,25.0,23.0,16.0,7.0,33.0
2021-11-15,15.0,23.0,14.0,7.0,29.0
2021-11-16,15.0,23.0,14.0,7.0,29.0
2021-11-17,15.0,23.0,14.0,7.0,29.0
2021-11-18,15.0,23.0,14.0,7.0,29.0
2021-11-19,15.0,23.0,14.0,7.0,29.0
2021-11-22,9.0,20.0,19.0,6.0,22.0
2021-11-23,9.0,20.0,19.0,6.0,22.0
2021-11-24,9.0,20.0,19.0,6.0,22.0
2021-11-25,9.0,20.0,19.0,6.0,22.0
2021-11-26,9.0,20.0,19.0,6.0,22.0
2021-11-29,13.0,30.0,36.0,7.0,31.0
2021-11-30,13.0,30.0,36.0,7.0,31.0
2021-12-01,13.0,30.0,36.0,7.0,31.0
2021-12-02,13.0,30.0,36.0,7.0,31.0
2021-12-03,13.0,30.0,36.0,7.0,31.0
2021-12-06,28.0,27.0,27.0,7.0,31.0
2021-12-07,28.0,27.0,27.0,7.0,31.0
2021-12-08,28.0,27.0,27.0,7.0,31.0
2021-12-09,28.0,27.0,27.0,7.0,31.0
2021-12-10,28.0,27.0,27.0,7.0,31.0
2021-12-13,16.0,29.0,23.0,7.0,31.0
2021-12-14,16.0,29.0,23.0,7.0,31.0
2021-12-15,16.0,29.0,23.0,7.0,31.0
2021-12-16,16.0,29.0,23.0,7.0,31.0
2021-12-17,16.0,29.0,23.0,7.0,31.0
2021-12-20,8.0,25.0,22.0,7.0,19.0
2021-12-21,8.0,25.0,22.0,7.0,19.0
2021-12-22,8.0,25.0,22.0,7.0,19.0
2021-12-23,8.0,25.0,22.0,7.0,19.0
2021-12-27,8.0,28.0,17.0,7.0,19.0
2021-12-28,8.0,28.0,17.0,7.0,19.0
2021-12-29,8.0,28.0,17.0,7.0,19.0
2021-12-30,8.0,28.0,17.0,7.0,19.0
2022-01-03,15.0,31.0,22.0,9.0,27.0
2022-01-04,15.0,31.0,22.0,9.0,27.0
2022-01-05,15.0,31.0,22.0,9.0,27.0
2022-01-06,15.0,31.0,22.0,9.0,27.0
2022-01-07,15.0,31.0,22.0,9.0,27.0
2022-01-10,39.0,28.0,21.0,8.0,31.0
2022-01-11,39.0,28.0,21.0,8.0,31.0
2022-01-12,39.0,28.0,21.0,8.0,31.0
2022-01-13,39.0,28.0,21.0,8.0,31.0
2022-01-14,39.0,28.0,21.0,8.0,31.0
2022-01-17,15.0,29.0,26.0,8.0,31.0
2022-01-18,15.0,29.0,26.0,8.0,31.0
2022-01-19,15.0,29.0,26.0,8.0,31.0
2022-01-20,15.0,29.0,26.0,8.0,31.0
2022-01-21,15.0,29.0,26.0,8.0,31.0
2022-01-24,17.0,47.0,56.0,9.0,36.0
2022-01-25,17.0,47.0,56.0,9.0,36.0
2022-01-26,17.0,47.0,56.0,9.0,36.0
2022-01-27,17.0,47.0,56.0,9.0,36.0
2022-01-28,17.0,47.0,56.0,9.0,36.0
2022-01-31,17.0,34.0,28.0,9.0,32.0
2022-02-01,17.0,34.0,28.0,9.0,32.0
2022-02-02,17.0,34.0,28.0,9.0,32.0
2022-02-03,17.0,34.0,28.0,9.0,32.0
2022-02-04,17.0,34.0,28.0,9.0,32.0
2022-02-07,53.0,28.0,28.0,8.0,39.0
2022-02-08,53.0,28.0,28.0,8.0,39.0
2022-02-09,53.0,28.0,28.0,8.0,39.0
2022-02-10,53.0,28.0,28.0,8.0,39.0
2022-02-11,53.0,28.0,28.0,8.0,39.0
2022-02-14,21.0,30.0,31.0,7.0,42.0
2022-02-15,21.0,30.0,31.0,7.0,42.0
2022-02-16,21.0,30.0,31.0,7.0,42.0
2022-02-17,21.0,30.0,31.0,7.0,42.0
2022-02-18,21.0,30.0,31.0,7.0,42.0
2022-02-21,20.0,40.0,39.0,7.0,39.0
2022-02-22,20.0,40.0,39.0,7.0,39.0
2022-02-23,20.0,40.0,39.0,7.0,39.0
2022-02-24,20.0,40.0,39.0,7.0,39.0
2022-02-25,20.0,40.0,39.0,7.0,39.0
2022-02-28,21.0,32.0,33.0,7.0,43.0
2022-03-01,21.0,32.0,33.0,7.0,43.0
2022-03-02,21.0,32.0,33.0,7.0,43.0
2022-03-03,21.0,32.0,33.0,7.0,43.0
2022-03-04,21.0,32.0,33.0,7.0,43.0
2022-03-07,38.0,32.0,37.0,6.0,40.0
2022-03-08,38.0,32.0,37.0,6.0,40.0
2022-03-09,38.0,32.0,37.0,6.0,40.0
2022-03-10,38.0,32.0,37.0,6.0,40.0
2022-03-11,38.0,32.0,37.0,6.0,40.0
2022-03-14,19.0,28.0,29.0,6.0,53.0
2022-03-15,19.0,28.0,29.0,6.0,53.0
2022-03-16,19.0,28.0,29.0,6.0,53.0
2022-03-17,19.0,28.0,29.0,6.0,53.0
2022-03-18,19.0,28.0,29.0,6.0,53.0
2022-03-21,18.0,26.0,23.0,6.0,44.0
2022-03-22,18.0,26.0,23.0,6.0,44.0
2022-03-23,18.0,26.0,23.0,6.0,44.0
2022-03-24,18.0,26.0,23.0,6.0,44.0
2022-03-25,18.0,26.0,23.0,6.0,44.0
2022-03-28,21.0,25.0,33.0,5.0,51.0
2022-03-29,21.0,25.0,33.0,5.0,51.0
2022-03-30,21.0,25.0,33.0,5.0,51.0
2022-03-31,21.0,25.0,33.0,5.0,51.0
2022-04-01,21.0,25.0,33.0,5.0,51.0
2022-04-04,21.0,25.0,39.0,6.0,52.0
2022-04-05,21.0,25.0,39.0,6.0,52.0
2022-04-06,21.0,25.0,39.0,6.0,52.0
2022-04-07,21.0,25.0,39.0,6.0,52.0
2022-04-08,21.0,25.0,39.0,6.0,52.0
2022-04-11,45.0,23.0,28.0,6.0,50.0
2022-04-12,45.0,23.0,28.0,6.0,50.0
2022-04-13,45.0,23.0,28.0,6.0,50.0
2022-04-14,45.0,23.0,28.0,6.0,50.0
2022-04-19,21.0,25.0,29.0,5.0,57.0
2022-04-20,21.0,25.0,29.0,5.0,57.0
2022-04-21,21.0,25.0,29.0,5.0,57.0
2022-04-22,21.0,25.0,29.0,5.0,57.0
2022-04-25,23.0,32.0,45.0,5.0,53.0
2022-04-26,23.0,32.0,45.0,5.0,53.0
2022-04-27,23.0,32.0,45.0,5.0,53.0
2022-04-28,23.0,32.0,45.0,5.0,53.0
2022-04-29,23.0,32.0,45.0,5.0,53.0
2022-05-02,23.0,34.0,46.0,5.0,71.0
2022-05-03,23.0,34.0,46.0,5.0,71.0
2022-05-04,23.0,34.0,46.0,5.0,71.0
2022-05-05,23.0,34.0,46.0,5.0,71.0
2022-05-06,23.0,34.0,46.0,5.0,71.0
2022-05-09,64.0,46.0,53.0,4.0,48.0
2022-05-10,64.0,46.0,53.0,4.0,48.0
2022-05-11,64.0,46.0,53.0,4.0,48.0
2022-05-12,64.0,46.0,53.0,4.0,48.0
2022-05-13,64.0,46.0,53.0,4.0,48.0
2022-05-16,18.0,47.0,44.0,4.0,37.0
2022-05-17,18.0,47.0,44.0,4.0,37.0
2022-05-18,18.0,47.0,44.0,4.0,37.0
2022-05-19,18.0,47.0,44.0,4.0,37.0
2022-05-20,18.0,47.0,44.0,4.0,37.0
2022-05-23,17.0,34.0,38.0,4.0,32.0
2022-05-24,17.0,34.0,38.0,4.0,32.0
2022-05-25,17.0,34.0,38.0,4.0,32.0
2022-05-26,17.0,34.0,38.0,4.0,32.0
2022-05-27,17.0,34.0,38.0,4.0,32.0
2022-05-30,15.0,27.0,33.0,4.0,30.0
2022-05-31,15.0,27.0,33.0,4.0,30.0
2022-06-01,15.0,27.0,33.0,4.0,30.0
2022-06-02,15.0,27.0,33.0,4.0,30.0
2022-06-03,15.0,27.0,33.0,4.0,30.0
2022-06-07,74.0,30.0,37.0,5.0,33.0
2022-06-08,74.0,30.0,37.0,5.0,33.0
2022-06-09,74.0,30.0,37.0,5.0,33.0
2022-06-10,74.0,30.0,37.0,5.0,33.0
2022-06-13,31.0,57.0,54.0,5.0,81.0
2022-06-14,31.0,57.0,54.0,5.0,81.0
2022-06-15,31.0,57.0,54.0,5.0,81.0
2022-06-16,31.0,57.0,54.0,5.0,81.0
2022-06-17,31.0,57.0,54.0,5.0,81.0
2022-06-20,20.0,33.0,29.0,5.0,39.0
2022-06-21,20.0,33.0,29.0,5.0,39.0
2022-06-22,20.0,33.0,29.0,5.0,39.0
2022-06-23,20.0,33.0,29.0,5.0,39.0
2022-06-24,20.0,33.0,29.0,5.0,39.0
2022-06-27,23.0,30.0,33.0,5.0,35.0
2022-06-28,23.0,30.0,33.0,5.0,35.0
2022-06-29,23.0,30.0,33.0,5.0,35.0
2022-06-30,23.0,30.0,33.0,5.0,35.0
2022-07-01,23.0,30.0,33.0,5.0,35.0
2022-07-04,23.0,27.0,31.0,5.0,35.0
2022-07-05,23.0,27.0,31.0,5.0,35.0
2022-07-06,23.0,27.0,31.0,5.0,35.0
2022-07-07,23.0,27.0,31.0,5.0,35.0
2022-07-08,23.0,27.0,31.0,5.0,35.0
2022-07-11,82.0,30.0,42.0,6.0,38.0
2022-07-12,82.0,30.0,42.0,6.0,38.0
2022-07-13,82.0,30.0,42.0,6.0,38.0
2022-07-14,82.0,30.0,42.0,6.0,38.0
2022-07-15,82.0,30.0,42.0,6.0,38.0
2022-07-18,19.0,29.0,43.0,5.0,38.0
2022-07-19,19.0,29.0,43.0,5.0,38.0
2022-07-20,19.0,29.0,43.0,5.0,38.0
2022-07-21,19.0,29.0,43.0,5.0,38.0
2022-07-22,19.0,29.0,43.0,5.0,38.0
2022-07-25,22.0,33.0,36.0,5.0,67.0
2022-07-26,22.0,33.0,36.0,5.0,67.0
2022-07-27,22.0,33.0,36.0,5.0,67.0
2022-07-28,22.0,33.0,36.0,5.0,67.0
2022-07-29,22.0,33.0,36.0,5.0,67.0
2022-08-01,22.0,30.0,36.0,5.0,36.0
2022-08-02,22.0,30.0,36.0,5.0,36.0
2022-08-03,22.0,30.0,36.0,5.0,36.0
2022-08-04,22.0,30.0,36.0,5.0,36.0
2022-08-05,22.0,30.0,36.0,5.0,36.0
2022-08-08,74.0,31.0,32.0,4.0,34.0
2022-08-09,74.0,31.0,32.0,4.0,34.0
2022-08-10,74.0,31.0,32.0,4.0,34.0
2022-08-11,74.0,31.0,32.0,4.0,34.0
2022-08-12,74.0,31.0,32.0,4.0,34.0
2022-08-15,19.0,30.0,38.0,4.0,29.0
2022-08-16,19.0,30.0,38.0,4.0,29.0
2022-08-17,19.0,30.0,38.0,4.0,29.0
2022-08-18,19.0,30.0,38.0,4.0,29.0
2022-08-19,19.0,30.0,38.0,4.0,29.0
2022-08-22,20.0,29.0,39.0,4.0,37.0
2022-08-23,20.0,29.0,39.0,4.0,37.0
2022-08-24,20.0,29.0,39.0,4.0,37.0
2022-08-25,20.0,29.0,39.0,4.0,37.0
2022-08-26,20.0,29.0,39.0,4.0,37.0
2022-08-29,20.0,30.0,36.0,4.0,36.0
2022-08-30,20.0,30.0,36.0,4.0,36.0
2022-08-31,20.0,30.0,36.0,4.0,36.0
2022-09-01,20.0,30.0,36.0,4.0,36.0
2022-09-02,20.0,30.0,36.0,4.0,36.0
2022-09-05,26.0,26.0,37.0,4.0,38.0
2022-09-06,26.0,26.0,37.0,4.0,38.0
2022-09-07,26.0,26.0,37.0,4.0,38.0
2022-09-08,26.0,26.0,37.0,4.0,38.0
2022-09-09,26.0,26.0,37.0,4.0,38.0
2022-09-12,78.0,37.0,43.0,4.0,45.0
2022-09-13,78.0,37.0,43.0,4.0,45.0
2022-09-14,78.0,37.0,43.0,4.0,45.0
2022-09-15,78.0,37.0,43.0,4.0,45.0
2022-09-16,78.0,37.0,43.0,4.0,45.0
2022-09-19,26.0,39.0,41.0,4.0,72.0
2022-09-20,26.0,39.0,41.0,4.0,72.0
2022-09-21,26.0,39.0,41.0,4.0,72.0
2022-09-22,26.0,39.0,41.0,4.0,72.0
2022-09-23,26.0,39.0,41.0,4.0,72.0
2022-09-26,25.0,40.0,49.0,4.0,52.0
2022-09-27,25.0,40.0,49.0,4.0,52.0
2022-09-28,25.0,40.0,49.0,4.0,52.0
2022-09-29,25.0,40.0,49.0,4.0,52.0
2022-09-30,25.0,40.0,49.0,4.0,52.0
2022-10-03,32.0,33.0,37.0,5.0,50.0
2022-10-04,32.0,33.0,37.0,5.0,50.0
2022-10-05,32.0,33.0,37.0,5.0,50.0
2022-10-06,32.0,33.0,37.0,5.0,50.0
2022-10-07,32.0,33.0,37.0,5.0,50.0
2022-10-10,100.0,33.0,46.0,5.0,52.0
2022-10-11,100.0,33.0,46.0,5.0,52.0
2022-10-12,100.0,33.0,46.0,5.0,52.0
2022-10-13,100.0,33.0,46.0,5.0,52.0
2022-10-14,100.0,33.0,46.0,5.0,52.0
2022-10-17,25.0,31.0,31.0,4.0,49.0
2022-10-18,25.0,31.0,31.0,4.0,49.0
2022-10-19,25.0,31.0,31.0,4.0,49.0
2022-10-20,25.0,31.0,31.0,4.0,49.0
2022-10-21,25.0,31.0,31.0,4.0,49.0
2022-10-24,24.0,31.0,34.0,4.0,50.0
2022-10-25,24.0,31.0,34.0,4.0,50.0
2022-10-27,24.0,31.0,34.0,4.0,50.0
2022-10-28,24.0,31.0,34.0,4.0,50.0
2022-10-31,27.0,30.0,30.0,4.0,74.0
2022-11-01,27.0,30.0,30.0,4.0,74.0
2022-11-02,27.0,30.0,30.0,4.0,74.0
2022-11-03,27.0,30.0,30.0,4.0,74.0
2022-11-04,27.0,30.0,30.0,4.0,74.0
2022-11-07,75.0,31.0,31.0,4.0,48.0
2022-11-08,75.0,31.0,31.0,4.0,48.0
2022-11-09,75.0,31.0,31.0,4.0,48.0
2022-11-10,75.0,31.0,31.0,4.0,48.0
2022-11-11,75.0,31.0,31.0,4.0,48.0
2022-11-14,27.0,31.0,35.0,5.0,46.0
2022-11-15,27.0,31.0,35.0,5.0,46.0
2022-11-16,27.0,31.0,35.0,5.0,46.0
2022-11-17,27.0,31.0,35.0,5.0,46.0
2022-11-18,27.0,31.0,35.0,5.0,46.0
2022-11-21,13.0,22.0,45.0,4.0,32.0
2022-11-22,13.0,22.0,45.0,4.0,32.0
2022-11-23,13.0,22.0,45.0,4.0,32.0
2022-11-24,13.0,22.0,45.0,4.0,32.0
2022-11-25,13.0,22.0,45.0,4.0,32.0
2022-11-28,24.0,27.0,39.0,5.0,44.0
2022-11-29,24.0,27.0,39.0,5.0,44.0
2022-11-30,24.0,27.0,39.0,5.0,44.0
2022-12-01,24.0,27.0,39.0,5.0,44.0
2022-12-02,24.0,27.0,39.0,5.0,44.0
2022-12-05,31.0,26.0,35.0,5.0,46.0
2022-12-06,31.0,26.0,35.0,5.0,46.0
2022-12-07,31.0,26.0,35.0,5.0,46.0
2022-12-08,31.0,26.0,35.0,5.0,46.0
2022-12-09,31.0,26.0,35.0,5.0,46.0
2022-12-12,66.0,28.0,36.0,5.0,56.0
2022-12-13,66.0,28.0,36.0,5.0,56.0
2022-12-14,66.0,28.0,36.0,5.0,56.0
2022-12-15,66.0,28.0,36.0,5.0,56.0
2022-12-16,66.0,28.0,36.0,5.0,56.0
2022-12-19,15.0,27.0,33.0,5.0,33.0
2022-12-20,15.0,27.0,33.0,5.0,33.0
2022-12-21,15.0,27.0,33.0,5.0,33.0
2022-12-22,15.0,27.0,33.0,5.0,33.0
2022-12-23,15.0,27.0,33.0,5.0,33.0
2022-12-27,12.0,26.0,28.0,5.0,32.0
2022-12-28,12.0,26.0,28.0,5.0,32.0
2022-12-29,12.0,26.0,28.0,5.0,32.0
2022-12-30,12.0,26.0,28.0,5.0,32.0
2023-01-02,20.0,26.0,28.0,6.0,39.0
2023-01-03,20.0,26.0,28.0,6.0,39.0
2023-01-04,20.0,26.0,28.0,6.0,39.0
2023-01-05,20.0,26.0,28.0,6.0,39.0
2023-01-06,20.0,26.0,28.0,6.0,39.0
2023-01-09,75.0,30.0,30.0,6.0,43.0
2023-01-10,75.0,30.0,30.0,6.0,43.0
2023-01-11,75.0,30.0,30.0,6.0,43.0
2023-01-12,75.0,30.0,30.0,6.0,43.0
2023-01-13,75.0,30.0,30.0,6.0,43.0
2023-01-16,21.0,24.0,37.0,6.0,39.0
2023-01-17,21.0,24.0,37.0,6.0,39.0
2023-01-18,21.0,24.0,37.0,6.0,39.0
2023-01-19,21.0,24.0,37.0,6.0,39.0
2023-01-20,21.0,24.0,37.0,6.0,39.0
2023-01-23,23.0,30.0,34.0,6.0,45.0
2023-01-24,23.0,30.0,34.0,6.0,45.0
2023-01-25,23.0,30.0,34.0,6.0,45.0
2023-01-26,23.0,30.0,34.0,6.0,45.0
2023-01-27,23.0,30.0,34.0,6.0,45.0
2023-01-30,26.0,34.0,36.0,6.0,63.0
2023-01-31,26.0,34.0,36.0,6.0,63.0
2023-02-01,26.0,34.0,36.0,6.0,63.0
2023-02-02,26.0,34.0,36.0,6.0,63.0
2023-02-03,26.0,34.0,36.0,6.0,63.0
2023-02-06,33.0,29.0,31.0,6.0,51.0
2023-02-07,33.0,29.0,31.0,6.0,51.0
2023-02-08,33.0,29.0,31.0,6.0,51.0
2023-02-09,33.0,29.0,31.0,6.0,51.0
2023-02-10,33.0,29.0,31.0,6.0,51.0
2023-02-13,69.0,29.0,40.0,5.0,48.0
2023-02-14,69.0,29.0,40.0,5.0,48.0
2023-02-15,69.0,29.0,40.0,5.0,48.0
2023-02-16,69.0,29.0,40.0,5.0,48.0
2023-02-17,69.0,29.0,40.0,5.0,48.0
2023-02-20,24.0,26.0,36.0,5.0,51.0
2023-02-21,24.0,26.0,36.0,5.0,51.0
2023-02-22,24.0,26.0,36.0,5.0,51.0
2023-02-23,24.0,26.0,36.0,5.0,51.0
2023-02-24,24.0,26.0,36.0,5.0,51.0
2023-02-27,24.0,27.0,31.0,5.0,61.0
2023-02-28,24.0,27.0,31.0,5.0,61.0
2023-03-01,24.0,27.0,31.0,5.0,61.0
2023-03-02,24.0,27.0,31.0,5.0,61.0
2023-03-03,24.0,27.0,31.0,5.0,61.0
2023-03-06,26.0,30.0,38.0,5.0,60.0
2023-03-07,26.0,30.0,38.0,5.0,60.0
2023-03-08,26.0,30.0,38.0,5.0,60.0
2023-03-09,26.0,30.0,38.0,5.0,60.0
2023-03-10,26.0,30.0,38.0,5.0,60.0
2023-03-13,57.0,36.0,45.0,4.0,62.0
2023-03-14,57.0,36.0,45.0,4.0,62.0
2023-03-15,57.0,36.0,45.0,4.0,62.0
2023-03-16,57.0,36.0,45.0,4.0,62.0
2023-03-17,57.0,36.0,45.0,4.0,62.0
2023-03-20,21.0,30.0,40.0,5.0,73.0
2023-03-21,21.0,30.0,40.0,5.0,73.0
2023-03-22,21.0,30.0,40.0,5.0,73.0
2023-03-23,21.0,30.0,40.0,5.0,73.0
2023-03-24,21.0,30.0,40.0,5.0,73.0
2023-03-27,20.0,27.0,34.0,5.0,55.0
2023-03-28,20.0,27.0,34.0,5.0,55.0
2023-03-29,20.0,27.0,34.0,5.0,55.0
2023-03-30,20.0,27.0,34.0,5.0,55.0
2023-03-31,20.0,27.0,34.0,5.0,55.0
2023-04-03,20.0,26.0,31.0,5.0,49.0
2023-04-04,20.0,26.0,31.0,5.0,49.0
2023-04-05,20.0,26.0,31.0,5.0,49.0
2023-04-06,20.0,26.0,31.0,5.0,49.0
2023-04-11,56.0,28.0,37.0,5.0,57.0
2023-04-12,56.0,28.0,37.0,5.0,57.0
2023-04-13,56.0,28.0,37.0,5.0,57.0
2023-04-14,56.0,28.0,37.0,5.0,57.0
2023-04-17,20.0,26.0,43.0,5.0,63.0
2023-04-18,20.0,26.0,43.0,5.0,63.0
2023-04-19,20.0,26.0,43.0,5.0,63.0
2023-04-20,20.0,26.0,43.0,5.0,63.0
2023-04-21,20.0,26.0,43.0,5.0,63.0
2023-04-24,21.0,27.0,40.0,5.0,59.0
2023-04-25,21.0,27.0,40.0,5.0,59.0
2023-04-26,21.0,27.0,40.0,5.0,59.0
2023-04-27,21.0,27.0,40.0,5.0,59.0
2023-04-28,21.0,27.0,40.0,5.0,59.0
2023-05-02,20.0,27.0,36.0,5.0,72.0
2023-05-03,20.0,27.0,36.0,5.0,72.0
2023-05-04,20.0,27.0,36.0,5.0,72.0
2023-05-05,20.0,27.0,36.0,5.0,72.0
2023-05-08,50.0,27.0,37.0,5.0,47.0
2023-05-09,50.0,27.0,37.0,5.0,47.0
2023-05-10,50.0,27.0,37.0,5.0,47.0
2023-05-11,50.0,27.0,37.0,5.0,47.0
2023-05-12,50.0,27.0,37.0,5.0,47.0
2023-05-15,17.0,25.0,38.0,4.0,42.0
2023-05-16,17.0,25.0,38.0,4.0,42.0
2023-05-17,17.0,25.0,38.0,4.0,42.0
2023-05-18,17.0,25.0,38.0,4.0,42.0
2023-05-19,17.0,25.0,38.0,4.0,42.0
2023-05-22,15.0,26.0,39.0,4.0,40.0
2023-05-23,15.0,26.0,39.0,4.0,40.0
2023-05-24,15.0,26.0,39.0,4.0,40.0
2023-05-25,15.0,26.0,39.0,4.0,40.0
2023-05-26,15.0,26.0,39.0,4.0,40.0
2023-05-29,15.0,28.0,34.0,5.0,38.0
2023-05-30,15.0,28.0,34.0,5.0,38.0
2023-05-31,15.0,28.0,34.0,5.0,38.0
