Company,Date,Adj Close,Volume,Difference,Difference_Percentage
BAX,2020-06-02,86.171265,2041600,0.5588310000000121,0.6527451374645091
BAX,2020-06-03,85.697701,1759400,-0.4735640000000103,0.5495613880102727
BAX,2020-06-04,84.173401,1794400,-1.5242999999999969,1.7786941565678602
BAX,2020-06-05,84.70523100000001,2837100,0.5318299999999994,0.6318266740819934
BAX,2020-06-08,84.315849,4814000,-0.3893819999999977,0.4596906181626465
BAX,2020-06-09,82.634857,2666000,-1.6809920000000034,1.9936844851078988
BAX,2020-06-10,82.473381,3076100,-0.1614759999999933,0.1954090632721652
BAX,2020-06-11,79.36782099999999,4084300,-3.105559999999997,3.7655301169234194
BAX,2020-06-12,79.74771899999999,4703800,0.3798979999999972,0.4786549450563814
BAX,2020-06-15,79.567276,4328700,-0.1804429999999968,0.2262672867169991
BAX,2020-06-16,80.716431,3735800,1.1491549999999933,1.444255801844961
BAX,2020-06-17,80.820892,1992700,0.1044610000000005,0.1294172682139533
BAX,2020-06-18,79.633751,1856800,-1.1871409999999971,1.4688541175714775
BAX,2020-06-19,80.24155400000001,4432700,0.6078029999999899,0.7632479851413628
BAX,2020-06-22,79.738213,1932300,-0.5033409999999918,0.6272822183877345
BAX,2020-06-23,79.291832,2655400,-0.4463810000000023,0.5598081311403383
BAX,2020-06-24,78.323143,3289500,-0.9686889999999976,1.2216756449768968
BAX,2020-06-25,81.039322,3941600,2.7161789999999972,3.467913691870099
BAX,2020-06-26,80.07061800000001,3654600,-0.9687040000000025,1.1953505731452228
BAX,2020-06-29,79.994637,3412600,-0.0759809999999987,0.0948924860302673
BAX,2020-06-30,81.770599,3343700,1.775962000000007,2.220101330042921
BAX,2020-07-01,82.919762,2755900,1.1491630000000017,1.4053498617516564
BAX,2020-07-02,82.824799,2536800,-0.09496300000000699,0.1145239659515749
BAX,2020-07-06,83.67954300000001,2724400,0.8547439999999966,1.0319904307887262
BAX,2020-07-07,81.20079799999999,4541600,-2.4787449999999893,2.962187544451562
BAX,2020-07-08,79.947144,3722500,-1.2536540000000116,1.5438936942467136
BAX,2020-07-09,81.381241,2445800,1.4340970000000084,1.7938064179003173
BAX,2020-07-10,80.944351,2213300,-0.4368900000000053,0.536843619772283
BAX,2020-07-13,79.263359,3028100,-1.6809920000000034,2.076725527146426
BAX,2020-07-14,80.393524,4071100,1.1301650000000052,1.4258353598161355
BAX,2020-07-15,82.710838,2587000,2.317313999999996,2.8824635178326012
BAX,2020-07-16,81.495193,1187800,-1.215644999999995,1.4697529723976384
BAX,2020-07-17,83.157196,1980200,1.6620029999999986,2.03938777100632
BAX,2020-07-20,83.40412099999999,1411100,0.2469250000000045,0.2969376216100462
BAX,2020-07-21,84.211388,1528400,0.807266999999996,0.9678982169238328
BAX,2020-07-22,84.714722,1619800,0.5033339999999953,0.5977030090039548
BAX,2020-07-23,84.99015,2013500,0.2754280000000051,0.325124126595145
BAX,2020-07-24,84.771713,2362000,-0.2184369999999944,0.2570144893261095
BAX,2020-07-27,84.800209,1419600,0.0284959999999898,0.0336149866406378
BAX,2020-07-28,84.771713,1288600,-0.0284959999999898,0.0336036907644766
BAX,2020-07-29,86.16780899999999,2220500,1.396096,1.6468889805258506
BAX,2020-07-30,81.68514300000001,8532500,-4.482666000000009,5.202251341913555
BAX,2020-07-31,82.036514,4038200,0.3513710000000003,0.4301528859415724
BAX,2020-08-03,78.978439,4450800,-3.0580750000000023,3.7276998386352718
BAX,2020-08-04,77.003029,5473300,-1.9754099999999968,2.501201625420828
BAX,2020-08-05,76.4142,5130400,-0.588829000000004,0.7646829061750339
BAX,2020-08-06,76.328735,5485200,-0.0854649999999992,0.1118443954134169
BAX,2020-08-07,76.670647,3401000,0.3419120000000077,0.4479466350385707
BAX,2020-08-10,78.921471,5767100,2.2508239999999944,2.9357049771602868
BAX,2020-08-11,78.769508,3685200,-0.1519629999999949,0.192549629491821
BAX,2020-08-12,79.282372,3170000,0.5128639999999933,0.6510945834522583
BAX,2020-08-13,80.38401800000001,3301000,1.1016460000000023,1.3895219986606888
BAX,2020-08-14,79.301346,2757000,-1.0826720000000023,1.3468746984008717
BAX,2020-08-17,79.491295,2583900,0.1899489999999986,0.2395280907337923
BAX,2020-08-18,80.03263100000001,2289400,0.5413360000000011,0.6810003535607279
BAX,2020-08-19,78.722015,3174500,-1.3106159999999958,1.6376020425968454
BAX,2020-08-20,78.722015,2391900,0.0,0.0
BAX,2020-08-21,78.911964,2975800,0.1899489999999986,0.241290825698502
BAX,2020-08-24,79.633751,2642800,0.7217870000000062,0.9146737242530248
BAX,2020-08-25,80.346039,2775900,0.7122880000000009,0.8944549152280932
BAX,2020-08-26,80.108597,2067100,-0.2374420000000014,0.295524213707662
BAX,2020-08-27,81.932076,3252200,1.8234789999999919,2.276258814019664
BAX,2020-08-28,81.936836,2516400,0.0047600000000045,0.0058096904562805
BAX,2020-08-31,82.92734499999999,2736900,0.990509000000003,1.2088689878139829
BAX,2020-09-01,81.479675,3102700,-1.4476700000000022,1.7457088491136454
BAX,2020-09-02,81.82254,5148500,0.3428650000000033,0.4207981929235767
BAX,2020-09-03,79.498634,3139700,-2.3239060000000085,2.8401782687264507
BAX,2020-09-04,78.384293,3143800,-1.1143409999999958,1.4017108771956963
BAX,2020-09-08,77.42235600000001,2819500,-0.9619370000000059,1.2272063230831285
BAX,2020-09-09,78.91765600000001,2759800,1.4953000000000003,1.931354297717316
BAX,2020-09-10,79.174797,2620400,0.2571410000000043,0.3258345635607883
BAX,2020-09-11,79.146233,2342900,-0.0285640000000029,0.0360771370212706
BAX,2020-09-14,79.23195600000001,1833400,0.0857230000000015,0.1083096399546919
BAX,2020-09-15,76.679466,3446600,-2.5524899999999917,3.2215410660819632
BAX,2020-09-16,77.7938,3769300,1.1143339999999995,1.4532365157576859
BAX,2020-09-17,78.403351,2607400,0.6095509999999962,0.7835470178857391
BAX,2020-09-18,79.022408,5497500,0.6190569999999979,0.7895797719156137
BAX,2020-09-21,76.431824,2721000,-2.5905839999999927,3.278290380622156
BAX,2020-09-22,75.288933,3184400,-1.1428910000000059,1.4953077660425922
BAX,2020-09-23,74.60318000000001,2028200,-0.6857530000000054,0.9108284214892584
BAX,2020-09-24,74.955574,3797400,0.3523940000000038,0.4723578807230521
BAX,2020-09-25,75.85084499999999,2231300,0.8952710000000081,1.1944021668088465
BAX,2020-09-28,75.755615,1793200,-0.0952300000000008,0.1255490298097546
BAX,2020-09-29,75.32701899999999,3590500,-0.4285959999999988,0.5657613630355965
BAX,2020-09-30,76.59375,3055500,1.266730999999993,1.681642280308468
BAX,2020-10-01,75.927063,2110300,-0.6666869999999959,0.8704195838433241
BAX,2020-10-02,75.079399,1536700,-0.8476640000000089,1.1164187925983766
BAX,2020-10-05,76.736603,2398800,1.6572040000000072,2.2072686010712568
BAX,2020-10-06,76.63183599999999,2565500,-0.1047669999999953,0.1365280660130282
BAX,2020-10-07,77.765221,1506600,1.13338499999999,1.4790001899471517
BAX,2020-10-08,75.098442,4324400,-2.6667789999999907,3.429269493106682
BAX,2020-10-09,74.76509899999999,4039100,-0.3333429999999993,0.4438747211293668
BAX,2020-10-12,75.841324,2714500,1.0762249999999938,1.4394751219415811
BAX,2020-10-13,76.28897099999999,1972600,0.4476470000000034,0.590241541669293
BAX,2020-10-14,76.231827,1658700,-0.057144000000008,0.0749046674125517
BAX,2020-10-15,76.72708100000001,2154200,0.4952540000000027,0.6496682809399318
BAX,2020-10-16,77.927139,1779800,1.2000579999999983,1.5640605433692938
BAX,2020-10-19,77.32711,2627900,-0.6000289999999922,0.7699872056126585
BAX,2020-10-20,77.27948,3188200,-0.047629999999998,0.0615954740840541
BAX,2020-10-21,77.85092900000001,2788100,0.571448999999987,0.7394576153980164
BAX,2020-10-22,77.574738,1933800,-0.2761909999999972,0.3547690484207288
BAX,2020-10-23,77.231865,1677000,-0.3428729999999973,0.4419905356302941
BAX,2020-10-26,76.203262,2380600,-1.028603000000004,1.331837577663059
BAX,2020-10-27,76.784233,3333400,0.5809710000000052,0.7623964968848778
BAX,2020-10-28,74.431747,3098600,-2.352485999999999,3.063761801202076
BAX,2020-10-29,74.36507399999999,3326400,-0.0666729999999944,0.0895760245960563
BAX,2020-10-30,73.879356,2644200,-0.4857180000000056,0.6531533875700918
BAX,2020-11-02,74.92701,2228800,1.0476539999999943,1.4180605472521908
BAX,2020-11-03,73.584091,3807700,-1.3429189999999949,1.7923029358838622
BAX,2020-11-04,72.06974,6719400,-1.5143510000000049,2.057986963513628
BAX,2020-11-05,74.060303,4611000,1.9905630000000087,2.7619955337704964
BAX,2020-11-06,75.17462900000001,3141100,1.1143259999999913,1.5046198231189942
BAX,2020-11-09,77.117577,5990800,1.9429480000000008,2.584579433042498
BAX,2020-11-10,77.669983,5213100,0.5524060000000048,0.7163165927788484
BAX,2020-11-11,77.079475,5525100,-0.5905079999999998,0.7602782660580726
BAX,2020-11-12,77.774757,3289200,0.6952819999999917,0.9020326098484608
BAX,2020-11-13,78.44144399999999,2195000,0.6666870000000102,0.8572022925124797
BAX,2020-11-16,77.127098,3391200,-1.3143460000000005,1.6755759876118552
BAX,2020-11-17,76.936615,3877200,-0.1904830000000004,0.2469728603039108
BAX,2020-11-18,76.59375,3946100,-0.3428650000000033,0.4456460685201751
BAX,2020-11-19,75.12700699999999,2622800,-1.4667429999999941,1.914964341085264
BAX,2020-11-20,73.355515,2878800,-1.7714920000000092,2.357996239621272
BAX,2020-11-23,72.16497,3049400,-1.1905450000000002,1.6229795401204672
BAX,2020-11-24,72.412605,4588500,0.2476350000000025,0.3431512546877002
BAX,2020-11-25,71.80304699999999,1910700,-0.6095579999999927,0.8417843827051833
BAX,2020-11-27,72.355461,811800,0.5524139999999989,0.7693461810889429
BAX,2020-11-30,72.45070600000001,5824500,0.0952449999999913,0.1316348464699732
BAX,2020-12-01,71.917358,3037900,-0.5333480000000037,0.7361529368671766
BAX,2020-12-02,72.717384,4112900,0.8000260000000026,1.1124240687484692
BAX,2020-12-03,72.922821,5419500,0.2054370000000034,0.2825142884678077
BAX,2020-12-04,74.528046,3223500,1.6052250000000043,2.201265636720231
BAX,2020-12-07,74.30828100000001,3816400,-0.2197650000000095,0.2948755693930437
BAX,2020-12-08,74.461159,3628600,0.1528780000000011,0.2057348090181243
BAX,2020-12-09,75.770172,5307900,1.3090130000000073,1.7579809629339869
BAX,2020-12-10,75.63640600000001,2793700,-0.1337660000000085,0.1765417663299068
BAX,2020-12-11,75.808388,3881500,0.1719819999999998,0.2273799207223038
BAX,2020-12-14,75.32109799999999,3686800,-0.4872899999999873,0.6427916657454679
BAX,2020-12-15,76.075928,2923500,0.7548299999999983,1.002149490704448
BAX,2020-12-16,76.439011,2331400,0.3630829999999889,0.4772639776408497
BAX,2020-12-17,77.432724,2471400,0.9937129999999996,1.3000076623178702
BAX,2020-12-18,77.260735,4513700,-0.1719889999999964,0.2221141025595282
BAX,2020-12-21,75.531311,2472200,-1.7294239999999943,2.238425508118703
BAX,2020-12-22,75.15866899999999,2370300,-0.372641999999999,0.49336095860960105
BAX,2020-12-23,75.244644,1979200,0.0859749999999905,0.1143913285638288
BAX,2020-12-24,76.047249,743200,0.8026049999999998,1.0666606383306163
BAX,2020-12-28,75.731964,1254500,-0.3152849999999887,0.4145909341177993
BAX,2020-12-29,76.439011,1366100,0.7070469999999887,0.9336176729815018
BAX,2020-12-30,75.674614,1344700,-0.7643969999999882,1.0000090137220483
BAX,2020-12-31,76.668335,1770200,0.9937209999999936,1.3131497439815072
BAX,2021-01-04,76.55366500000001,3467100,-0.1146700000000038,0.1495663105244216
BAX,2021-01-05,77.60470600000001,2714100,1.051040999999998,1.3729466773406576
BAX,2021-01-06,77.337181,3062200,-0.26752499999999196,0.3447278055534313
BAX,2021-01-07,77.862686,1688400,0.5255049999999954,0.6794985196059777
BAX,2021-01-08,78.063339,1728300,0.2006530000000026,0.2577011021685055
BAX,2021-01-11,78.799065,2285500,0.7357259999999997,0.9424731371021674
BAX,2021-01-12,76.974075,2897700,-1.8249900000000001,2.316004637872289
BAX,2021-01-13,78.732178,4140100,1.7581030000000055,2.2840196520711746
BAX,2021-01-14,76.48679399999999,3308800,-2.2453840000000014,2.8519266925398674
BAX,2021-01-15,76.477242,1646200,-0.0095519999999993,0.0124884303557021
BAX,2021-01-19,75.32109799999999,3018100,-1.1561439999999976,1.5117490769345443
BAX,2021-01-20,75.98037,2903700,0.6592719999999872,0.8752819827453752
BAX,2021-01-21,76.44856999999999,2278600,0.4682000000000101,0.6162117925985491
BAX,2021-01-22,75.970825,1294600,-0.4777449999999987,0.6249233962126417
BAX,2021-01-25,76.534554,1683500,0.563728999999995,0.7420335372164183
BAX,2021-01-26,77.212944,1606400,0.6783899999999932,0.8863839462630083
BAX,2021-01-27,74.547157,2822100,-2.6657869999999946,3.452513091587332
BAX,2021-01-28,73.715866,4950500,-0.8312909999999931,1.1151209964988915
BAX,2021-01-29,73.41011,4084200,-0.3057560000000023,0.4147763793482428
BAX,2021-02-01,72.980148,3291700,-0.4299620000000033,0.5856986183510735
BAX,2021-02-02,73.113922,4132600,0.1337740000000025,0.1833019028681642
BAX,2021-02-03,73.849655,2488900,0.7357329999999962,1.0062830441512849
BAX,2021-02-04,73.744537,3495700,-0.1051180000000044,0.1423405430939447
BAX,2021-02-05,73.859207,1824500,0.1146700000000038,0.1554962640825907
BAX,2021-02-08,74.14582800000001,2204600,0.2866209999999967,0.3880640094064328
BAX,2021-02-09,73.56298100000001,1804000,-0.582847000000001,0.7860819896704115
BAX,2021-02-10,74.155403,5499600,0.5924220000000133,0.8053262550630097
BAX,2021-02-11,74.394272,1798900,0.238868999999994,0.3221194819748926
BAX,2021-02-12,75.225555,3542800,0.8312829999999991,1.1174018881453658
BAX,2021-02-16,74.336937,2665800,-0.8886179999999939,1.1812714442585288
BAX,2021-02-17,74.22228199999999,3570500,-0.11465499999999901,0.1542369172407508
BAX,2021-02-18,75.32109799999999,2185400,1.0988159999999991,1.4804395262328356
BAX,2021-02-19,74.94845600000001,2926400,-0.3726420000000132,0.4947378754356624
BAX,2021-02-22,75.359306,2653500,0.4108500000000106,0.5481767362892848
BAX,2021-02-23,74.661804,3434400,-0.6975020000000001,0.9255685024487884
BAX,2021-02-24,75.015343,2503700,0.3535389999999978,0.4735205701699865
BAX,2021-02-25,75.384354,2613100,0.3690110000000004,0.49191403417298296
BAX,2021-02-26,74.464203,4875400,-0.9201510000000042,1.220612701675475
BAX,2021-03-01,74.703827,3914100,0.2396240000000062,0.32179757567539696
BAX,2021-03-02,74.45461999999999,3433400,-0.2492069999999984,0.3335933512482545
BAX,2021-03-03,73.946625,2469700,-0.5079950000000082,0.6822880836676195
BAX,2021-03-04,73.246941,3920400,-0.6996839999999906,0.9462013986439418
BAX,2021-03-05,74.818848,2456400,1.5719069999999957,2.1460377437468625
BAX,2021-03-08,75.02971600000001,1553500,0.2108679999999907,0.2818380737431171
BAX,2021-03-09,74.061638,1976500,-0.9680779999999912,1.290259448669633
BAX,2021-03-10,74.49296600000001,2089400,0.4313279999999935,0.5823905758065916
BAX,2021-03-11,74.51213800000001,1637600,0.0191719999999975,0.025736658142995
BAX,2021-03-12,74.723,1462500,0.2108620000000058,0.2829901351106123
BAX,2021-03-15,75.403526,1482700,0.6805260000000004,0.9107316355071402
BAX,2021-03-16,75.65271800000001,1919600,0.2491919999999936,0.3304779142556193
BAX,2021-03-17,76.38117199999999,3792700,0.7284540000000135,0.9628920404419754
BAX,2021-03-18,76.54409,2060100,0.1629179999999905,0.2132960201238998
BAX,2021-03-19,76.965836,3976500,0.4217459999999988,0.5509844065034921
BAX,2021-03-22,77.86680600000001,3121400,0.9009700000000008,1.170610295196431
BAX,2021-03-23,78.211853,2732400,0.3450470000000081,0.4431246351622643
BAX,2021-03-24,78.671921,2282900,0.4600679999999926,0.5882330904498485
BAX,2021-03-25,79.94671600000001,3634900,1.2747949999999977,1.6203938886912364
BAX,2021-03-26,82.381241,4634100,2.4345250000000083,3.0451844951329936
BAX,2021-03-29,82.457924,3124000,0.0766830000000027,0.093083084291001
BAX,2021-03-30,82.026596,3778900,-0.4313280000000077,0.5230885997081466
BAX,2021-03-31,80.83809699999999,3100200,-1.1884989999999929,1.4489190798555058
BAX,2021-04-01,80.81890899999999,2298600,-0.0191879999999997,0.0237363331301573
BAX,2021-04-05,81.739059,1893900,0.9201499999999924,1.1385330628504184
BAX,2021-04-06,81.394012,1885800,-0.3450469999999939,0.4221323370018169
BAX,2021-04-07,81.173569,1017000,-0.22044300000000303,0.2708344196130829
BAX,2021-04-08,80.512215,2174700,-0.6613540000000029,0.8147405715276642
BAX,2021-04-09,81.394012,2781300,0.8817970000000059,1.0952338101740289
BAX,2021-04-12,81.029785,1726300,-0.3642269999999996,0.4474862352282127
BAX,2021-04-13,81.269409,1504700,0.23962399999999198,0.2957233565410448
BAX,2021-04-14,81.125626,1576500,-0.1437829999999991,0.176921429316656
BAX,2021-04-15,82.23748,2879700,1.1118540000000081,1.3705336461748945
BAX,2021-04-16,82.96590400000001,2884600,0.7284239999999897,0.8857567133623132
BAX,2021-04-19,82.92756700000001,2706600,-0.0383369999999985,0.0462081387071953
BAX,2021-04-20,83.45475,2041400,0.527183000000008,0.6357150210375857
BAX,2021-04-21,84.250275,1839800,0.7955249999999978,0.953241127676972
BAX,2021-04-22,84.355713,2423000,0.1054379999999923,0.125148552927563
BAX,2021-04-23,84.22152700000001,2377300,-0.1341859999999997,0.1590716209108441
BAX,2021-04-26,83.732704,1644300,-0.4888229999999964,0.5804014928392316
BAX,2021-04-27,83.157623,1657200,-0.5750809999999973,0.6868057193041291
BAX,2021-04-28,83.37804399999999,1999600,0.2204210000000017,0.2650640940037472
BAX,2021-04-29,81.806152,2486900,-1.5718920000000054,1.8852589058097904
BAX,2021-04-30,82.13205,2805500,0.3258980000000093,0.3983783517894955
BAX,2021-05-03,82.94673900000001,2004800,0.8146889999999871,0.9919258072822814
BAX,2021-05-04,83.809372,2732700,0.8626330000000024,1.0399842240934905
BAX,2021-05-05,83.100098,2424000,-0.7092739999999935,0.8462943738559378
BAX,2021-05-06,83.89563000000001,1989100,0.7955319999999944,0.9573177639333159
BAX,2021-05-07,83.023415,2486500,-0.8722149999999971,1.0396429468376327
BAX,2021-05-10,82.898827,3584400,-0.1245880000000028,0.1500636898638809
BAX,2021-05-11,80.109657,4241200,-2.7891699999999986,3.3645470037832967
BAX,2021-05-12,79.649582,2426100,-0.4600750000000033,0.5743065408456354
BAX,2021-05-13,79.937119,2955300,0.2875370000000004,0.3610025222731243
BAX,2021-05-14,80.378029,2193500,0.4409100000000023,0.5515710417334434
BAX,2021-05-17,79.40995799999999,2372700,-0.9680709999999948,1.2043975350527627
BAX,2021-05-18,79.48665600000001,2110800,0.0766979999999932,0.0965848640796325
BAX,2021-05-19,79.055336,1765600,-0.4313199999999995,0.5426319607658416
BAX,2021-05-20,79.515388,1950300,0.4600520000000045,0.5819366829330844
BAX,2021-05-21,79.61122900000001,1596200,0.0958409999999929,0.1205313869561863
BAX,2021-05-24,79.33329,1676400,-0.2779389999999893,0.3491203483367771
BAX,2021-05-25,78.93070999999999,2330500,-0.4025800000000004,0.5074540586933939
BAX,2021-05-26,78.997803,2994800,0.0670929999999998,0.0850024027403273
BAX,2021-05-27,78.413139,5048600,-0.5846640000000036,0.7401015949772725
BAX,2021-05-28,78.710274,3617300,0.2971349999999972,0.378935219007107
BAX,2021-06-01,78.729439,3355600,0.0191650000000009,0.0243487908579774
BAX,2021-06-02,78.211853,2461100,-0.5175859999999943,0.6574237116055079
BAX,2021-06-03,78.567719,2397200,0.3558659999999918,0.455002645187286
BAX,2021-06-04,79.106323,1938300,0.5386040000000065,0.6855283656637741
BAX,2021-06-07,78.15416,2753000,-0.9521629999999988,1.2036496753868824
BAX,2021-06-08,77.990654,2489500,-0.1635059999999981,0.2092095929378527
BAX,2021-06-09,79.202492,1707200,1.2118380000000002,1.553824641603852
BAX,2021-06-10,80.87599200000001,3455700,1.6734999999999898,2.1129385676400045
BAX,2021-06-11,79.096687,6107100,-1.7793049999999937,2.200041020826049
BAX,2021-06-14,79.606445,2994500,0.5097579999999908,0.6444745277384258
BAX,2021-06-15,78.817787,2286300,-0.7886579999999981,0.9906961678793698
BAX,2021-06-16,78.644669,1911200,-0.1731180000000023,0.2196433147761461
BAX,2021-06-17,78.04834699999999,2668300,-0.5963219999999865,0.7582484707259516
BAX,2021-06-18,77.730972,4311300,-0.3173750000000126,0.4066389772483107
BAX,2021-06-21,78.394592,2042300,0.6636200000000088,0.8537394849507463
BAX,2021-06-22,78.22148100000001,1937300,-0.1731110000000058,0.2208200790177029
BAX,2021-06-23,77.836761,3107200,-0.3847200000000015,0.4918342060028262
BAX,2021-06-24,78.288803,1972700,0.4520420000000058,0.5807564371801209
BAX,2021-06-25,79.04860699999999,6398300,0.7598040000000026,0.9705142637063982
BAX,2021-06-28,78.529251,2290300,-0.5193560000000019,0.6570084150882025
BAX,2021-06-29,78.731216,1740600,0.2019650000000012,0.257184421636724
BAX,2021-06-30,77.423203,3139000,-1.3080130000000023,1.6613651693122615
BAX,2021-07-01,78.356117,4813200,0.9329139999999968,1.2049540239248389
BAX,2021-07-02,78.63504,2826400,0.278923000000006,0.3559683795969701
BAX,2021-07-06,77.97142,3312600,-0.6636200000000088,0.8439240318311133
BAX,2021-07-07,78.721611,1676300,0.7501910000000009,0.9621358697840836
BAX,2021-07-08,78.22148100000001,1900500,-0.5001299999999986,0.6353147422249764
BAX,2021-07-09,77.35588800000001,2441300,-0.865593000000004,1.1065924461338237
BAX,2021-07-12,77.721352,2324900,0.3654640000000029,0.4724449676022114
BAX,2021-07-13,77.990654,1989400,0.2693020000000103,0.3464968030921675
BAX,2021-07-14,77.90409100000001,1751200,-0.0865630000000123,0.1109915041871714
BAX,2021-07-15,77.961792,1637900,0.0577010000000086,0.0740667136466667
BAX,2021-07-16,78.308037,1585900,0.3462449999999961,0.4441213973121553
BAX,2021-07-19,77.201996,3108600,-1.1060410000000047,1.4124233506198154
BAX,2021-07-20,77.46167,2108100,0.2596740000000039,0.3363565885006444
BAX,2021-07-21,77.201996,1769900,-0.2596740000000039,0.3352290235932222
BAX,2021-07-22,77.432816,874600,0.2308200000000084,0.29898190715173806
BAX,2021-07-23,78.038742,1826700,0.6059259999999966,0.7825183575914333
BAX,2021-07-26,77.68289200000001,1890500,-0.3558500000000038,0.4559914612667689
BAX,2021-07-27,78.971672,2300600,1.2887800000000027,1.6590268034820368
BAX,2021-07-28,78.779312,4563800,-0.1923599999999936,0.2435810147213213
BAX,2021-07-29,74.422455,7327400,-4.356857000000005,5.530458301032136
BAX,2021-07-30,74.3936,7506600,-0.0288549999999929,0.0387719002282214
BAX,2021-08-02,74.258949,3352200,-0.1346510000000051,0.18099809661046803
BAX,2021-08-03,73.364487,4447100,-0.8944620000000043,1.2045174514926198
BAX,2021-08-04,72.277687,5005500,-1.0867999999999969,1.4813706800675874
BAX,2021-08-05,71.614052,6988400,-0.6636349999999993,0.9181740970764593
BAX,2021-08-06,71.96991,2991200,0.3558579999999978,0.4969108576624009
BAX,2021-08-09,71.171638,2286200,-0.7982719999999972,1.1091746536851264
BAX,2021-08-10,71.027374,2377700,-0.1442640000000068,0.20269872108325898
BAX,2021-08-11,71.152412,1774100,0.1250380000000035,0.1760419862910932
BAX,2021-08-12,71.03699499999999,1445600,-0.1154169999999936,0.1622109451468681
BAX,2021-08-13,71.710243,2968600,0.6732480000000011,0.9477427923295472
BAX,2021-08-16,72.78742199999999,3631100,1.077179000000001,1.502127108954297
BAX,2021-08-17,73.027855,2979900,0.2404329999999959,0.3303221812142157
BAX,2021-08-18,72.393089,3169100,-0.634765999999999,0.8692107963461325
BAX,2021-08-19,72.152649,3020700,-0.2404400000000066,0.3321311513589462
BAX,2021-08-20,72.316154,3286800,0.1635050000000006,0.2266098365979615
BAX,2021-08-23,71.950684,2532200,-0.3654700000000019,0.5053780929776797
BAX,2021-08-24,71.681389,2119100,-0.2692949999999996,0.37427719241696095
BAX,2021-08-25,70.979294,2951300,-0.7020949999999999,0.9794662321624376
BAX,2021-08-26,70.950417,3090300,-0.0288769999999942,0.0406836957268048
BAX,2021-08-27,71.14278399999999,2619900,0.1923670000000044,0.271128779976028
BAX,2021-08-30,73.095192,9337000,1.952407999999992,2.7443514158793545
BAX,2021-08-31,73.306793,5213400,0.2116010000000017,0.2894868926536258
BAX,2021-09-01,74.634026,4001300,1.3272330000000068,1.8105184331280282
BAX,2021-09-02,78.244125,8205800,3.610098999999991,4.8370685510118285
BAX,2021-09-03,79.8368,5100100,1.5926749999999998,2.035520238739969
BAX,2021-09-07,80.454567,5812300,0.6177670000000006,0.7737872760431288
BAX,2021-09-08,79.885063,3050700,-0.5695039999999949,0.7078578895340957
BAX,2021-09-09,78.88119499999999,3519800,-1.003867999999997,1.2566404310152417
BAX,2021-09-10,78.10897800000001,2512400,-0.7722170000000119,0.9789620960990916
BAX,2021-09-13,77.82905600000001,2906600,-0.2799219999999991,0.3583736558427369
BAX,2021-09-14,78.929459,2867700,1.100403,1.4138717036475428
BAX,2021-09-15,80.666931,5895700,1.737472000000011,2.2012972368149786
BAX,2021-09-16,80.329086,2691700,-0.3378450000000015,0.4188147433054091
BAX,2021-09-17,80.705536,4507900,0.3764499999999913,0.4686347358663975
BAX,2021-09-20,79.431404,2811900,-1.2741319999999945,1.5787417606643417
BAX,2021-09-21,79.10320300000001,2002700,-0.328201000000007,0.41318796278611297
BAX,2021-09-22,78.234474,2445500,-0.8687289999999876,1.098222280581973
BAX,2021-09-23,77.98350500000001,2738500,-0.250969000000012,0.3207908063649944
BAX,2021-09-24,78.041412,2008800,0.0579070000000001,0.0742554467127377
BAX,2021-09-27,77.77113299999999,2264200,-0.2702789999999879,0.3463276651119382
BAX,2021-09-28,77.925591,2932900,0.1544579999999911,0.1986058246058869
BAX,2021-09-29,78.968063,2548300,1.0424720000000036,1.3377787535804555
BAX,2021-09-30,77.636009,3095300,-1.3320539999999994,1.6868262299912298
BAX,2021-10-01,78.466125,2885000,0.8301160000000039,1.0692409497762871
BAX,2021-10-04,77.626358,3158300,-0.8397670000000091,1.0702287133460573
BAX,2021-10-05,78.051071,2756300,0.424712999999997,0.5471247279177995
BAX,2021-10-06,78.051071,2949500,0.0,0.0
BAX,2021-10-07,77.780792,3316000,-0.2702789999999879,0.3462848062648467
BAX,2021-10-08,77.413986,2641200,-0.36680600000001096,0.4715894381739016
BAX,2021-10-11,76.178467,2010500,-1.2355189999999965,1.5959893862072887
BAX,2021-10-12,75.975761,1394400,-0.202705999999992,0.2660935668343024
BAX,2021-10-13,76.062637,1491100,0.0868759999999895,0.1143469954845066
BAX,2021-10-14,77.114769,1754000,1.0521320000000003,1.3832441807138507
BAX,2021-10-15,76.931374,1783600,-0.1833949999999902,0.23782085115237803
BAX,2021-10-18,75.46417199999999,1822900,-1.4672020000000003,1.9071568902435048
BAX,2021-10-19,76.912064,2527800,1.4478919999999957,1.9186482295200904
BAX,2021-10-20,78.427521,2270000,1.5154569999999978,1.9703761948190568
BAX,2021-10-21,78.63022600000001,1349100,0.2027049999999945,0.2584615673367957
BAX,2021-10-22,79.334869,1348400,0.7046430000000043,0.8961477485769969
BAX,2021-10-25,78.533699,2621100,-0.8011699999999989,1.0098586032832542
BAX,2021-10-26,78.948753,1557700,0.4150539999999978,0.5285043303512265
BAX,2021-10-27,79.093552,2764000,0.1447990000000061,0.1834088500422624
BAX,2021-10-28,75.879234,7344300,-3.2143180000000067,4.063944428744338
BAX,2021-10-29,76.217072,7995500,0.3378380000000049,0.4452311682534973
BAX,2021-11-01,77.047188,3375600,0.8301160000000039,1.0891470614352698
BAX,2021-11-02,77.500862,2152200,0.4536739999999923,0.5888261619619296
BAX,2021-11-03,77.259552,1648900,-0.2413099999999985,0.3113642787611815
BAX,2021-11-04,75.58964499999999,2638900,-1.6699069999999951,2.1614246481781243
BAX,2021-11-05,75.329033,2606800,-0.2606120000000089,0.3447720914683604
BAX,2021-11-08,76.004707,1626400,0.6756740000000008,0.8969635917137033
BAX,2021-11-09,75.000839,2476800,-1.003867999999997,1.3207971448399862
BAX,2021-11-10,76.274979,2494400,1.2741400000000027,1.6988343290399763
BAX,2021-11-11,76.410133,1776100,0.135154,0.1771931002432658
BAX,2021-11-12,76.699699,1216200,0.2895659999999935,0.3789628268282081
BAX,2021-11-15,76.786583,1609700,0.0868839999999977,0.1132781498920846
BAX,2021-11-16,76.554909,1978100,-0.2316739999999981,0.3017115633339202
BAX,2021-11-17,76.815529,2249700,0.2606200000000029,0.3404353860573499
BAX,2021-11-18,76.361862,2099000,-0.4536669999999958,0.5905928214072389
BAX,2021-11-19,76.50666,2381400,0.1447979999999944,0.1896208345469554
BAX,2021-11-22,76.49698599999999,1708000,-0.0096739999999897,0.0126446508055504
BAX,2021-11-23,75.686172,1707300,-0.8108140000000077,1.059929341529884
BAX,2021-11-24,74.92363,1338800,-0.7625419999999963,1.0075050433254786
BAX,2021-11-26,73.639809,1281100,-1.2838210000000032,1.7135061395183382
BAX,2021-11-29,73.388855,2506600,-0.250953999999993,0.3407857834068975
BAX,2021-11-30,71.979568,3440600,-1.4092870000000062,1.9203011138407948
BAX,2021-12-01,72.471863,2502400,0.4922949999999986,0.68393714171777
BAX,2021-12-02,73.85734599999999,2726700,1.3854830000000078,1.9117529792217536
BAX,2021-12-03,75.620705,2510300,1.7633589999999941,2.387520125621619
BAX,2021-12-06,76.773659,3046400,1.1529539999999943,1.5246538629863262
BAX,2021-12-07,77.393738,2793600,0.620079000000004,0.8076715478677446
BAX,2021-12-08,78.101013,1886700,0.7072749999999957,0.9138659254318426
BAX,2021-12-09,78.05256700000001,1935500,-0.0484459999999984,0.0620299252712617
BAX,2021-12-10,78.343246,2131300,0.2906789999999972,0.3724144011817026
BAX,2021-12-13,80.61039699999999,3103800,2.267151000000013,2.8938691154053187
BAX,2021-12-14,79.941879,2662700,-0.6685180000000059,0.8293198208662909
BAX,2021-12-15,80.125969,2300500,0.1840899999999976,0.23027980115403301
BAX,2021-12-16,81.298309,3076100,1.1723400000000057,1.4631211511463973
BAX,2021-12-17,81.027016,4688100,-0.271293,0.3337006677469761
BAX,2021-12-20,79.941879,2631700,-1.0851370000000031,1.3392286345581368
BAX,2021-12-21,81.259552,2731000,1.3176729999999992,1.648288752382214
BAX,2021-12-22,82.664413,2301000,1.4048609999999968,1.7288564426247353
BAX,2021-12-23,82.88726,2033700,0.2228470000000015,0.2695803331961016
BAX,2021-12-27,83.904587,1220700,1.0173270000000088,1.2273623232327968
BAX,2021-12-28,84.049911,1227800,0.14532399999998802,0.1732014961231952
BAX,2021-12-29,84.476219,1280300,0.4263080000000059,0.5072081515945994
BAX,2021-12-30,83.759247,1346600,-0.7169719999999984,0.8487264327017269
BAX,2021-12-31,83.168228,1788100,-0.5910190000000028,0.7056164198801869
BAX,2022-01-03,84.16617600000001,1899800,0.9979479999999938,1.1999149482901017
BAX,2022-01-04,85.261009,3346300,1.0948330000000084,1.300799266441674
BAX,2022-01-05,85.125359,2966500,-0.1356499999999982,0.1590996888155502
BAX,2022-01-06,84.078972,1507300,-1.04638700000001,1.2292306455941169
BAX,2022-01-07,84.728111,1750600,0.6491390000000052,0.772058678357777
BAX,2022-01-10,83.623611,2912800,-1.1045000000000016,1.3035815232561971
BAX,2022-01-11,83.67205,2403300,0.0484390000000019,0.0579250278967287
BAX,2022-01-12,83.749565,2169400,0.0775150000000053,0.0926414495641081
BAX,2022-01-13,83.216675,2568400,-0.532890000000009,0.6362898720727791
BAX,2022-01-14,83.071342,2246700,-0.1453329999999937,0.174644084253539
BAX,2022-01-18,83.187599,2258900,0.1162570000000045,0.1399483831620349
BAX,2022-01-19,82.935699,1827000,-0.2519000000000062,0.30280955698698103
BAX,2022-01-20,83.31356,2504900,0.3778609999999958,0.4556071806906646
BAX,2022-01-21,83.594536,2348400,0.2809760000000096,0.337251222970198
BAX,2022-01-24,83.2845,3510600,-0.3100360000000108,0.370880699666795
BAX,2022-01-25,82.422211,2697900,-0.8622889999999899,1.0353535171610444
BAX,2022-01-26,81.64711,3888000,-0.7751010000000065,0.9404030668383871
BAX,2022-01-27,81.99589499999999,2665400,0.3487850000000065,0.4271859714324323
BAX,2022-01-28,82.63535300000001,2588600,0.6394579999999905,0.7798658701145837
BAX,2022-01-31,82.78068499999999,2568500,0.1453320000000104,0.1758714578250914
BAX,2022-02-01,82.28656,3340700,-0.49412500000001097,0.5969085662917757
BAX,2022-02-02,82.88726,3203500,0.6007000000000033,0.7300098582320167
BAX,2022-02-03,83.42014300000001,4585100,0.5328829999999982,0.6429009717536788
BAX,2022-02-04,84.011154,3673200,0.5910110000000088,0.7084751700797359
BAX,2022-02-07,84.16617600000001,2676200,0.1550219999999882,0.1845254976499766
BAX,2022-02-08,85.658249,4744300,1.4920730000000049,1.7727703347244919
BAX,2022-02-09,86.665871,2887900,1.0076219999999978,1.1763280381787842
BAX,2022-02-10,85.01879100000001,3295100,-1.6470800000000023,1.9004943710771711
BAX,2022-02-11,83.236053,3490000,-1.7827379999999948,2.0968752660808767
BAX,2022-02-14,82.790375,2384900,-0.4456780000000009,0.5354386518063283
BAX,2022-02-15,82.926018,1702200,0.1356430000000017,0.16383909361444698
BAX,2022-02-16,82.480331,2879700,-0.4456869999999924,0.537451346090189
BAX,2022-02-17,80.22285500000001,5189300,-2.2574760000000107,2.7369870763491613
BAX,2022-02-18,79.786865,5029000,-0.4359899999999896,0.5434735525181567
BAX,2022-02-22,81.831177,3888300,2.0443119999999912,2.5622162244374316
BAX,2022-02-23,83.071342,3153200,1.2401650000000046,1.5155165127345105
BAX,2022-02-24,82.283997,5266900,-0.7873450000000021,0.9477937650266948
BAX,2022-02-25,83.848984,3174200,1.5649870000000021,1.901933616569456
BAX,2022-02-28,82.595047,4376200,-1.2539370000000076,1.4954707143499886
BAX,2022-03-01,81.788239,2961700,-0.8068079999999895,0.9768237071164686
BAX,2022-03-02,82.847778,2454000,1.0595390000000011,1.2954662100011725
BAX,2022-03-03,82.80888399999999,1540500,-0.038893999999999,0.0469463405524274
BAX,2022-03-04,83.615685,1979600,0.8068009999999929,0.9742928065544186
BAX,2022-03-07,82.604759,3204700,-1.0109259999999978,1.2090147919017795
BAX,2022-03-08,78.20137,3159800,-4.403389000000004,5.330672292137557
BAX,2022-03-09,77.511223,3453500,-0.6901469999999961,0.882525459592327
BAX,2022-03-10,76.772469,2751000,-0.7387540000000001,0.9530929475851518
BAX,2022-03-11,74.701996,3833000,-2.070473000000007,2.696895159122741
BAX,2022-03-14,75.810135,2452700,1.1081390000000084,1.483412839464167
BAX,2022-03-15,76.471138,1720700,0.6610029999999938,0.8719190382657857
BAX,2022-03-16,76.753029,2288900,0.2818910000000016,0.3686240421843881
BAX,2022-03-17,77.219604,2662700,0.4665750000000059,0.607891318530251
BAX,2022-03-18,76.908562,3895600,-0.3110420000000005,0.4028018584503495
BAX,2022-03-21,76.840515,3016700,-0.068047000000007,0.0884777952291021
BAX,2022-03-22,75.829575,4193000,-1.0109399999999908,1.3156340766326082
BAX,2022-03-23,74.91585500000001,4620600,-0.9137200000000121,1.2049652131111273
BAX,2022-03-24,75.508797,7617400,0.5929420000000079,0.7914773181191189
BAX,2022-03-25,75.051941,2990100,-0.4568560000000019,0.6050367879652512
BAX,2022-03-28,76.71414200000001,3536600,1.6622009999999958,2.214734193216929
BAX,2022-03-29,77.287651,6771000,0.5735090000000014,0.7475922757501496
BAX,2022-03-30,77.161278,2861100,-0.1263730000000009,0.1635099506388167
BAX,2022-03-31,75.37271899999999,4662200,-1.7885589999999922,2.3179489069634025
BAX,2022-04-01,76.38364399999999,3183400,1.0109250000000003,1.3412346183239061
BAX,2022-04-04,73.360573,5406800,-3.0230710000000016,3.9577465039505073
BAX,2022-04-05,74.352058,4263500,0.9914849999999972,1.3515229767902674
BAX,2022-04-06,74.847809,3513200,0.4957509999999985,0.6667616382588879
BAX,2022-04-07,75.829575,2976400,0.9817660000000076,1.3116830180025811
BAX,2022-04-08,77.763954,4260900,1.9343789999999927,2.5509558770440064
BAX,2022-04-11,76.568329,3590700,-1.1956249999999926,1.5375054102830121
BAX,2022-04-12,75.88789399999999,3045100,-0.6804350000000028,0.8886637711526951
BAX,2022-04-13,76.247566,2459100,0.3596720000000033,0.4739517478242357
BAX,2022-04-14,74.303467,3843100,-1.9440990000000085,2.5497194231747784
BAX,2022-04-18,72.87455,1824000,-1.4289169999999984,1.9230825393383042
BAX,2022-04-19,74.37150600000001,2523800,1.4969559999999973,2.0541547083309566
BAX,2022-04-20,76.364204,2492200,1.9926980000000043,2.6793836876182184
BAX,2022-04-21,75.800415,2224300,-0.5637889999999999,0.7382896310946945
BAX,2022-04-22,71.037369,4266500,-4.763046000000003,6.283667444300934
BAX,2022-04-25,70.87213100000001,3140100,-0.1652380000000022,0.2326071507518841
BAX,2022-04-26,68.558647,2280900,-2.3134840000000025,3.264307094138319
BAX,2022-04-27,69.083557,4639300,0.5249100000000055,0.7656364630416431
BAX,2022-04-28,68.821106,8441000,-0.2624509999999986,0.3799037157278955
BAX,2022-04-29,69.07383,4019200,0.2527240000000006,0.3672187424596178
BAX,2022-05-02,68.63640600000001,3854700,-0.4374240000000071,0.6332702269441367
BAX,2022-05-03,70.036163,4496600,1.3997570000000081,2.0393798008596318
BAX,2022-05-04,71.154007,3550800,1.117843999999991,1.5960954342972655
BAX,2022-05-05,70.94989,3029700,-0.2041169999999965,0.2868664866618075
BAX,2022-05-06,70.755486,3174400,-0.1944039999999915,0.2740018342523034
BAX,2022-05-09,71.562286,4362400,0.8067999999999955,1.1402649400217468
BAX,2022-05-10,70.434708,3417400,-1.1275779999999995,1.575659559002908
BAX,2022-05-11,69.98755600000001,2543400,-0.4471520000000026,0.6348461045653836
BAX,2022-05-12,70.6194,2270600,0.631844000000001,0.9027947768314712
BAX,2022-05-13,70.988777,2069400,0.369377,0.5230531553652397
BAX,2022-05-16,71.630333,2864000,0.6415559999999942,0.9037428550149472
BAX,2022-05-17,72.26215400000001,1981000,0.6318210000000022,0.8820578846115406
BAX,2022-05-18,70.104202,1994300,-2.1579519999999945,2.9862824183181624
BAX,2022-05-19,70.57079300000001,2580700,0.466590999999994,0.6655678071907786
BAX,2022-05-20,71.18318199999999,1695500,0.6123890000000074,0.8677655074671009
BAX,2022-05-23,71.319275,2322900,0.1360930000000024,0.1911870138089675
BAX,2022-05-24,71.83446500000001,3259600,0.5151899999999898,0.722371336500532
BAX,2022-05-25,73.088402,4050000,1.2539370000000076,1.7455924534274847
BAX,2022-05-26,73.632751,1824200,0.5443489999999969,0.7447816412787309
BAX,2022-05-27,74.031288,2576200,0.3985370000000046,0.5412496403944008
BAX,2022-05-31,73.92437,3853400,-0.1069180000000074,0.1444227202963257
BAX,2022-06-01,72.388527,1862400,-1.5358429999999998,2.0775868634389445
BAX,2022-06-02,72.46659100000001,2189400,0.0780639999999976,0.1078402935315947
BAX,2022-06-03,70.788139,1881800,-1.6784519999999932,2.3161735316071277
BAX,2022-06-06,70.749092,1917700,-0.0390469999999965,0.0551603708638201
BAX,2022-06-07,70.827164,1989000,0.0780719999999917,0.110350532837922
BAX,2022-06-08,71.090645,1526200,0.2634809999999987,0.3720055768433686
BAX,2022-06-09,70.290451,2865200,-0.8001939999999905,1.1255967645250518
BAX,2022-06-10,71.35412600000001,3268800,1.0636749999999893,1.513256758019648
BAX,2022-06-13,69.841553,3779600,-1.512572999999989,2.1198115439042566
BAX,2022-06-14,65.850334,6008400,-3.9912190000000014,5.7146767627002815
BAX,2022-06-15,66.191872,3746200,0.3415379999999999,0.5186579615526322
BAX,2022-06-16,63.713223,2918100,-2.4786490000000043,3.744642544631468
BAX,2022-06-17,62.288486,7244100,-1.4247370000000004,2.2361716028711967
BAX,2022-06-21,62.473892000000006,3698000,0.1854060000000004,0.2976569377525092
BAX,2022-06-22,63.186264,2541700,0.7123720000000021,1.1402715233429062
BAX,2022-06-23,63.508297,2413300,0.3220329999999975,0.5096566557566967
BAX,2022-06-24,65.167244,4080300,1.6589469999999975,2.6121736503184736
BAX,2022-06-27,65.09893000000001,2300600,-0.0683140000000008,0.1048287388062642
BAX,2022-06-28,63.67419399999999,2548900,-1.4247359999999958,2.188570534108619
BAX,2022-06-29,64.22065699999999,2589600,0.5464630000000028,0.8582173808120803
BAX,2022-06-30,62.678825,3410800,-1.5418319999999994,2.4008349836719973
BAX,2022-07-01,63.908390000000004,2517700,1.2295649999999938,1.9616912091124767
BAX,2022-07-05,63.810802,1937600,-0.0975879999999946,0.1526998254845642
BAX,2022-07-06,63.537575,2242100,-0.2732270000000056,0.4281829900837254
BAX,2022-07-07,63.635158999999994,2509200,0.0975840000000047,0.1535847095203189
BAX,2022-07-08,63.605881000000004,2268800,-0.029278000000005,0.0460091566676293
BAX,2022-07-11,62.952065000000005,2530700,-0.6538159999999991,1.0279175285694089
BAX,2022-07-12,63.11795,2648800,0.1658850000000029,0.2635100214742804
BAX,2022-07-13,62.239689,2579500,-0.8782610000000021,1.391459957112045
BAX,2022-07-14,61.88838199999999,2288600,-0.3513069999999985,0.5644420877488615
BAX,2022-07-15,63.3424,1855100,1.4540179999999978,2.349419960599387
BAX,2022-07-18,62.805682999999995,1903400,-0.5367169999999959,0.847326593245592
BAX,2022-07-19,63.742504000000004,2285200,0.9368209999999948,1.4916182027667702
BAX,2022-07-20,64.005974,2526600,0.2634699999999981,0.4133348762075586
BAX,2022-07-21,64.435349,2298000,0.4293750000000074,0.6708358191690159
BAX,2022-07-22,64.56221,1480600,0.126860999999991,0.1968810629084836
BAX,2022-07-25,64.659805,2115900,0.0975950000000125,0.1511642801570958
BAX,2022-07-26,65.128197,2437400,0.4683919999999943,0.7243943899923521
BAX,2022-07-27,65.18675999999999,3136400,0.0585630000000065,0.0899195781513905
BAX,2022-07-28,58.063053000000004,9053900,-7.123707000000009,10.928150133554745
BAX,2022-07-29,57.243336,6232100,-0.8197169999999971,1.4117704075946491
BAX,2022-08-01,57.253098,5197900,0.009762000000001998,0.0170535134430356
BAX,2022-08-02,57.458027,3866800,0.2049289999999999,0.3579352160122408
BAX,2022-08-03,56.774933,4056300,-0.6830940000000041,1.188857389760362
BAX,2022-08-04,56.511452,4493500,-0.2634809999999987,0.4640798078969089
BAX,2022-08-05,57.17503000000001,2448300,0.6635780000000011,1.174236330009714
BAX,2022-08-08,58.267979000000004,3053300,1.0929489999999973,1.91158448014806
BAX,2022-08-09,57.526332999999994,2530900,-0.7416459999999958,1.2728191585295858
BAX,2022-08-10,58.453396,3130400,0.9270629999999968,1.6115454465001215
BAX,2022-08-11,58.521702000000005,2073600,0.0683059999999997,0.1168554860354046
BAX,2022-08-12,58.999869999999994,2114000,0.4781680000000037,0.8170780815636628
BAX,2022-08-15,60.52219399999999,2991900,1.5223239999999976,2.580215854712896
BAX,2022-08-16,60.34654200000001,2889500,-0.1756519999999994,0.2902274164085979
BAX,2022-08-17,59.897648,2124400,-0.4488940000000028,0.7438603524291463
BAX,2022-08-18,59.575623,2508400,-0.3220249999999964,0.537625450668775
BAX,2022-08-19,59.770786,5992300,0.1951630000000008,0.3275886850566394
BAX,2022-08-22,58.228947,3753600,-1.5418390000000033,2.5795862881910288
BAX,2022-08-23,57.243336,2433300,-0.9856109999999988,1.6926478165576284
BAX,2022-08-24,57.29213000000001,2938400,0.0487940000000008,0.0852396163633805
BAX,2022-08-25,58.472908,2171500,1.1807779999999966,2.0609776595843035
BAX,2022-08-26,55.789322,2544700,-2.6835859999999983,4.589451921905439
BAX,2022-08-29,55.61366700000001,1859100,-0.175654999999999,0.3148541579336616
BAX,2022-08-30,55.115986,2745700,-0.49768100000000004,0.8948897399626607
BAX,2022-08-31,56.07231899999999,4137300,0.9563330000000008,1.7351281713439741
BAX,2022-09-01,55.670189,4454900,-0.4021299999999996,0.7171631335597154
BAX,2022-09-02,55.130749,2656500,-0.5394399999999989,0.9689925787749688
BAX,2022-09-06,53.610507999999996,3081200,-1.5202409999999986,2.7575192203537786
BAX,2022-09-07,57.602367,6328700,3.991858999999998,7.446038377401679
BAX,2022-09-08,57.572945,4250300,-0.0294220000000038,0.051077762134330004
BAX,2022-09-09,58.387001,2383600,0.8140560000000008,1.413955808583356
BAX,2022-09-12,58.632202,2252300,0.2452010000000015,0.4199582026828224
BAX,2022-09-13,57.013889,2121700,-1.6183130000000006,2.7601095384410095
BAX,2022-09-14,57.975067,3048500,0.961178000000004,1.685866403535468
BAX,2022-09-15,57.837761,2788700,-0.1373060000000023,0.2368362937812601
BAX,2022-09-16,57.062927,4271000,-0.7748339999999985,1.3396680414374935
BAX,2022-09-19,57.308128,2660300,0.2452010000000015,0.4297028086203877
BAX,2022-09-20,55.493649,1900500,-1.8144790000000053,3.1661808949683463
BAX,2022-09-21,54.404961,1903300,-1.0886879999999977,1.9618244963491187
BAX,2022-09-22,54.306881000000004,2752000,-0.098080000000003,0.1802776772507989
BAX,2022-09-23,54.346111,2610800,0.0392300000000034,0.0722376230739589
BAX,2022-09-26,53.855709,2646700,-0.4904020000000031,0.9023681565733436
BAX,2022-09-27,53.257419999999996,2546600,-0.5982889999999941,1.1109110085246379
BAX,2022-09-28,54.493233,3031500,1.2358129999999932,2.3204522487195085
BAX,2022-09-29,54.238224,3165000,-0.255008999999994,0.4679645268982189
BAX,2022-09-30,52.825874,3972800,-1.4123500000000035,2.6039753809048087
BAX,2022-10-03,54.552078,3253800,1.7262040000000027,3.267724448818401
BAX,2022-10-04,56.346939,3320900,1.7948609999999974,3.290178973567235
BAX,2022-10-05,56.601948,2320300,0.2550090000000011,0.4525693933436227
BAX,2022-10-06,55.169982999999995,3195900,-1.4319649999999982,2.5298864272303807
BAX,2022-10-07,54.552078,2686600,-0.6179050000000004,1.1200021576950647
BAX,2022-10-10,53.924369999999996,1937900,-0.6277079999999984,1.150658275565595
BAX,2022-10-11,54.73843000000001,3161800,0.8140599999999978,1.5096328431838846
BAX,2022-10-12,53.94398100000001,2391400,-0.7944490000000002,1.4513551082849843
BAX,2022-10-13,55.003246,4562100,1.0592649999999963,1.9636389090378708
BAX,2022-10-14,53.453582999999995,3896000,-1.5496629999999951,2.817402812917615
BAX,2022-10-17,54.189186,4559100,0.7356029999999976,1.3761528389967752
BAX,2022-10-18,54.532458999999996,4374200,0.3432730000000035,0.6334714088526878
BAX,2022-10-19,54.257839000000004,6516600,-0.2746200000000058,0.5035899811523369
BAX,2022-10-20,53.94398100000001,3831100,-0.3138579999999962,0.5784565065335466
BAX,2022-10-21,55.346527,4516000,1.402546000000001,2.6000046233146956
BAX,2022-10-24,55.346527,3902100,0.0,0.0
BAX,2022-10-25,56.01347,4747400,0.6669429999999963,1.2050313473147036
BAX,2022-10-26,56.523483,5030900,0.5100130000000007,0.9105184877851716
BAX,2022-10-27,52.933758,8921400,-3.5897250000000014,6.350855979628857
BAX,2022-10-28,53.94398100000001,6383000,1.0102230000000034,1.9084664270388727
BAX,2022-10-31,53.306461,4766700,-0.6375200000000021,1.1818185980749216
BAX,2022-11-01,52.708179,3555600,-0.5982819999999975,1.1223442501650926
BAX,2022-11-02,50.932926,3947000,-1.7752529999999993,3.3680787947540347
BAX,2022-11-03,49.471539,3176700,-1.461387000000002,2.8692382605311186
BAX,2022-11-04,49.608849,3864000,0.1373099999999993,0.2775535242596746
BAX,2022-11-07,51.335056,4623300,1.7262070000000025,3.479635256201978
BAX,2022-11-08,51.639107,4665200,0.3040510000000012,0.5922872666195225
BAX,2022-11-09,50.658306,3358200,-0.9808009999999996,1.899337647337704
BAX,2022-11-10,52.698364,5843300,2.0400579999999953,4.027094786785793
BAX,2022-11-11,53.826285999999996,10218300,1.1279220000000052,2.140335893539324
BAX,2022-11-14,52.649326,4128600,-1.1769600000000011,2.1865896524980397
BAX,2022-11-15,53.296654000000004,4134100,0.6473279999999946,1.2295086170713647
BAX,2022-11-16,53.88513199999999,5892600,0.588478000000002,1.104155619225181
BAX,2022-11-17,53.277039,5058500,-0.6080929999999967,1.1284986738085687
BAX,2022-11-18,53.94398100000001,4643500,0.6669419999999988,1.2518375880461352
BAX,2022-11-21,54.758049,2537100,0.8140679999999989,1.5090988557184886
BAX,2022-11-22,54.257839000000004,3429800,-0.5002100000000027,0.9134912750452501
BAX,2022-11-23,55.219021,3460400,0.9611820000000008,1.7715080764643076
BAX,2022-11-25,54.92478199999999,2125100,-0.2942389999999975,0.532858052662682
BAX,2022-11-28,54.13033299999999,4321100,-0.7944490000000002,1.4464308661252403
BAX,2022-11-29,54.277454000000006,3962100,0.1471209999999985,0.2717903102498898
BAX,2022-11-30,55.444607,7416300,1.167152999999999,2.1503458876313526
BAX,2022-12-01,51.639198,11120100,-3.805408999999997,6.863443003572912
BAX,2022-12-02,52.467318999999996,7442900,0.828121000000003,1.6036674310859804
BAX,2022-12-05,50.574471,5018300,-1.8928480000000008,3.6076705196238463
BAX,2022-12-06,50.781498,4969200,0.2070269999999965,0.4093507967685841
BAX,2022-12-07,51.609619,5133900,0.828121000000003,1.6307533897483746
BAX,2022-12-08,51.875801,3184800,0.2661820000000006,0.5157604438040913
BAX,2022-12-09,51.639198,4494200,-0.2366030000000023,0.4560951261263461
BAX,2022-12-12,51.885661999999996,3590500,0.2464640000000031,0.4772808439046693
BAX,2022-12-13,52.418022,4534900,0.5323599999999971,1.0260252630100335
BAX,2022-12-14,51.560326,6972900,-0.8576959999999971,1.6362616658827704
BAX,2022-12-15,50.042107,7366100,-1.518219000000002,2.9445488765916683
BAX,2022-12-16,49.006958000000004,9392900,-1.035149000000004,2.0685559862617366
BAX,2022-12-19,49.243561,5556700,0.2366030000000023,0.4827947084575262
BAX,2022-12-20,49.223846,8072500,-0.0197149999999979,0.0400356911637603
BAX,2022-12-21,49.618190999999996,3579800,0.3943450000000013,0.8011259420891275
BAX,2022-12-22,49.430878,3015100,-0.1873130000000031,0.3775087245724117
BAX,2022-12-23,49.460449,1837000,0.0295709999999971,0.0598229309218362
BAX,2022-12-27,50.120975,2643200,0.6605260000000044,1.3354630080289092
BAX,2022-12-28,49.647766,2247900,-0.4732090000000042,0.9441336685888576
BAX,2022-12-29,50.397015,2884900,0.7492490000000059,1.5091293332312397
BAX,2022-12-30,50.249138,1823000,-0.1478770000000011,0.2934241244248318
BAX,2023-01-03,50.31815,2787400,0.0690120000000007,0.1373396693889569
BAX,2023-01-04,51.589905,3266600,1.2717549999999989,2.527427975790045
BAX,2023-01-05,51.826508000000004,3051500,0.2366029999999952,0.4586226704623612
BAX,2023-01-06,47.764778,11099000,-4.061729999999997,7.837167034290633
BAX,2023-01-09,44.067814,13897300,-3.6969640000000012,7.739937574921843
BAX,2023-01-10,45.093105,5839600,1.0252910000000028,2.3266209664949637
BAX,2023-01-11,44.797344,5362600,-0.2957609999999988,0.6558896310200836
BAX,2023-01-12,44.452296999999994,8526900,-0.34504700000000105,0.7702398606488835
BAX,2023-01-13,44.205837,6519100,-0.24645999999999899,0.5544370406775583
BAX,2023-01-17,44.10725,6301800,-0.0985870000000019,0.2230180598096173
BAX,2023-01-18,43.377716,7749400,-0.729534000000001,1.6540001927120846
BAX,2023-01-19,43.022804,12849500,-0.3549119999999988,0.8181896898398218
BAX,2023-01-20,43.259411,9199200,0.2366069999999993,0.5499571808476252
BAX,2023-01-23,44.501587,7252900,1.2421760000000006,2.8714584209202494
BAX,2023-01-24,44.274845,4432500,-0.2267420000000015,0.509514413497212
BAX,2023-01-25,45.48745,4504200,1.2126050000000037,2.7388125243578005
BAX,2023-01-26,45.507164,3086800,0.0197140000000004,0.0433394265890931
BAX,2023-01-27,45.34943,2936800,-0.1577340000000049,0.3466135573730872
BAX,2023-01-30,44.501587,4313600,-0.8478429999999975,1.8695780740794259
BAX,2023-01-31,45.043812,5078800,0.5422250000000021,1.2184396929484829
BAX,2023-02-01,45.625465000000005,7610800,0.5816529999999958,1.2913050076667485
BAX,2023-02-02,46.345141999999996,8985300,0.7196770000000043,1.5773581704866009
BAX,2023-02-03,46.01981,4749800,-0.325332000000003,0.7019764876327341
BAX,2023-02-06,44.521309,3932300,-1.4985009999999974,3.2562085762631297
BAX,2023-02-07,44.964943,5983800,0.4436339999999958,0.9964531815540192
BAX,2023-02-08,45.033951,4019400,0.0690080000000037,0.153470671585203
BAX,2023-02-09,39.572303999999995,22036000,-5.461646999999998,12.127843279840135
BAX,2023-02-10,40.37085,12300000,0.7985459999999946,2.0179416391827845
BAX,2023-02-13,39.927212,7348800,-0.44363800000000003,1.0989067606949074
BAX,2023-02-14,39.345558000000004,5902200,-0.5816540000000003,1.4567859133264809
BAX,2023-02-15,39.493435,6183300,0.1478770000000011,0.3758416642610613
BAX,2023-02-16,39.237114,5538300,-0.2563209999999998,0.6490217931157415
BAX,2023-02-17,40.420142999999996,10318700,1.1830290000000048,3.01507649109974
BAX,2023-02-21,40.124386,6028900,-0.2957570000000018,0.7317069610565252
BAX,2023-02-22,40.43,6130700,0.3056139999999985,0.7616664838185898
BAX,2023-02-23,40.221493,5099800,-0.2085069999999973,0.5157234726688037
BAX,2023-02-24,39.873989,4388400,-0.3475040000000007,0.8639758847340665
BAX,2023-02-27,39.536411,5094900,-0.3375780000000006,0.8466120608098694
BAX,2023-02-28,39.665485,8207200,0.1290739999999957,0.32646868224836
BAX,2023-03-01,38.781822,6337500,-0.8836629999999985,2.227788214363189
BAX,2023-03-02,39.337833,4236600,0.5560110000000051,1.433689732266847
BAX,2023-03-03,39.655556,4104400,0.3177229999999937,0.8076779419954163
BAX,2023-03-06,39.427193,4330400,-0.2283629999999945,0.5758663426632943
BAX,2023-03-07,38.712322,6239000,-0.7148710000000023,1.8131420108958864
BAX,2023-03-08,39.159115,4862600,0.4467929999999995,1.154136401324621
BAX,2023-03-09,38.712322,4225500,-0.4467929999999995,1.1409680734613117
BAX,2023-03-10,37.749229,5830400,-0.9630930000000006,2.4878202862644114
BAX,2023-03-13,38.622963,6119800,0.8737339999999989,2.314574424818051
BAX,2023-03-14,39.089615,6177500,0.4666520000000034,1.208224236964946
BAX,2023-03-15,37.957733000000005,7016000,-1.1318820000000045,2.8956079511143926
BAX,2023-03-16,38.096737,7920500,0.1390039999999999,0.3662073285567394
BAX,2023-03-17,37.312363,11701700,-0.7843739999999997,2.058900739976759
BAX,2023-03-20,37.918018,6256700,0.6056549999999987,1.6232019397967337
BAX,2023-03-21,39.327908,8958300,1.4098900000000043,3.718258691685848
BAX,2023-03-22,38.881111,6557700,-0.4467970000000036,1.1360812784651644
BAX,2023-03-23,37.848515,4855000,-1.0325959999999978,2.6557780203348567
BAX,2023-03-24,38.950611,7628700,1.102096000000003,2.91186061064748
BAX,2023-03-27,39.78463,5650400,0.8340189999999978,2.1412218668405427
BAX,2023-03-28,39.566196000000005,2860400,-0.218434000000002,0.5490411749462092
BAX,2023-03-29,40.251282,4161700,0.6850860000000054,1.7314932170886619
BAX,2023-03-30,40.022923,4395800,-0.2283590000000046,0.5673334826950471
BAX,2023-03-31,40.271141,4620100,0.2482180000000013,0.6201895848536635
BAX,2023-04-03,39.695271000000005,6032200,-0.5758700000000019,1.4299818323995386
BAX,2023-04-04,40.211566999999995,8661300,0.5162960000000041,1.3006486339393026
BAX,2023-04-05,41.95903,11518600,1.7474629999999962,4.345672477772369
BAX,2023-04-06,41.998749,4393700,0.039718999999998,0.0946613875487542
BAX,2023-04-10,41.869671000000004,7271400,-0.1290779999999998,0.30733772570225804
BAX,2023-04-11,42.584545,4701100,0.7148740000000018,1.7073790715957664
BAX,2023-04-12,42.366112,6255800,-0.2184329999999974,0.5129396122466436
BAX,2023-04-13,42.872482,8364400,0.5063699999999969,1.19522414518471
BAX,2023-04-14,42.743404,3531400,-0.1290779999999998,0.3010742415146382
BAX,2023-04-17,42.663979,5033900,-0.0794250000000005,0.1858181440111801
BAX,2023-04-18,42.515045,3636900,-0.14893399999999699,0.3490860521940464
BAX,2023-04-19,43.309345,6144900,0.7942999999999998,1.8682798054194687
BAX,2023-04-20,42.941982,3545900,-0.3673629999999974,0.8482303299668871
BAX,2023-04-21,44.967453000000006,11375900,2.025470999999996,4.716761792690416
BAX,2023-04-24,45.076671999999995,7830200,0.109219000000003,0.242884559194409
BAX,2023-04-25,45.116383,6439500,0.0397109999999969,0.0880965657801821
BAX,2023-04-26,45.751831,6618300,0.6354480000000038,1.4084639719456318
BAX,2023-04-27,46.466698,10785100,0.7148669999999981,1.5624882859879383
BAX,2023-04-28,47.340431,6017900,0.8737330000000014,1.880342347545336
BAX,2023-05-01,47.042568,3730000,-0.2978629999999995,0.6291936801335829
BAX,2023-05-02,46.675201,4229700,-0.3673670000000015,0.7809246297948733
BAX,2023-05-03,46.168834999999994,3526200,-0.5063659999999999,1.084871600231566
BAX,2023-05-04,44.967453000000006,4159800,-1.2013820000000024,2.6021492636753827
BAX,2023-05-05,45.722042,3290100,0.7545890000000028,1.6780781424289315
BAX,2023-05-08,45.285175,7650300,-0.4368669999999994,0.9554844466482916
BAX,2023-05-09,42.773193,9329700,-2.511982000000004,5.547029463836682
BAX,2023-05-10,43.527778999999995,7169200,0.7545860000000033,1.7641563490478798
BAX,2023-05-11,43.071056,7875700,-0.4567230000000037,1.049267870984191
BAX,2023-05-12,42.167538,5003200,-0.9035179999999984,2.0977382119444625
BAX,2023-05-15,42.515045,3811200,0.3475070000000002,0.8241102432871471
BAX,2023-05-16,42.70369,4691200,0.188645000000001,0.443713513651464
BAX,2023-05-17,42.475327,4206600,-0.2283630000000016,0.5347617500970095
BAX,2023-05-18,42.723549,3338200,0.2482219999999984,0.5843910277606535
BAX,2023-05-19,42.683834000000004,3147800,-0.039715000000001,0.0929581013974308
BAX,2023-05-22,42.276756,3625900,-0.4070779999999985,0.9537053302193952
BAX,2023-05-23,42.197323,3967700,-0.0794330000000016,0.1878881151619146
BAX,2023-05-24,41.820029999999996,4319300,-0.3772929999999945,0.8941159608631917
BAX,2023-05-25,41.045586,3966400,-0.7744440000000026,1.8518494606531908
BAX,2023-05-26,40.995940999999995,2695100,-0.0496449999999981,0.1209508861683645
BAX,2023-05-30,40.042778000000006,9412000,-0.9531630000000036,2.3250179816582417
BAX,2023-05-31,40.43,12626500,0.3872220000000013,0.9670208195844986
